Workbook
Name AK_End: Dashboard!$H$7
Name AK_Start: Dashboard!$G$7
Name DayEnd: Dashboard!$B$8
Name DayHrs: Dashboard!$B$5
Name DayStart: Dashboard!$B$7
Name JM_End: Dashboard!$H$8
Name JM_Start: Dashboard!$G$8
Name LL_End: Dashboard!$H$5
Name LL_Start: Dashboard!$G$5
Name NightHrs: Dashboard!$B$6
Name StaffList: Dashboard!$D$4:$D$23
Name TB_End: Dashboard!$H$6
Name TB_Start: Dashboard!$G$6
Name TimeList: Dashboard!$K$5:$K$37
Name TP_End: Dashboard!$H$9
Name TP_Start: Dashboard!$G$9
Name TP2_End: Dashboard!$H$10
Name TP2_Start: Dashboard!$G$10
Name VisitHrs: Dashboard!$B$4

Sheet Patient Rota
A1: Patient Care Rota
A2: Starting 8th July 2026 · live consolidated view (edit on the client tabs)
A4: Date | B4: Lucy Levene | D4: Tom Bock | F4: Anita Klesch (24-Hour Coverage) | H4: Jeremy | J4: Test Patient | L4: Test Patient 2 (24h)
B5: AM | C5: PM | D5: AM | E5: PM | F5: Day (8am–8pm) | G5: Night (8pm–8am) | H5: AM | I5: PM | J5: AM | K5: PM | L5: Day (8am–8pm) | M5: Night (8pm–8am)
A6: ='Lucy Levene'!A5 -> 46211 | B6: =IF('Lucy Levene'!B5="","",'Lucy Levene'!B5) | C6: =IF('Lucy Levene'!D5="","",'Lucy Levene'!D5) | D6: =IF('Tom Bock'!B5="","",'Tom Bock'!B5) | E6: =IF('Tom Bock'!D5="","",'Tom Bock'!D5) | F6: =IF('Anita Klesch'!B5="","",'Anita Klesch'!B5) -> Naresh | G6: =IF('Anita Klesch'!C5="","",'Anita Klesch'!C5) -> Maica | H6: =IF(Jeremy!B5="","",Jeremy!B5) | I6: =IF(Jeremy!D5="","",Jeremy!D5) | J6: =IF('Test Patient'!B5="","",'Test Patient'!B5) | K6: =IF('Test Patient'!D5="","",'Test Patient'!D5) | L6: =IF('Test Patient 2'!B5="","",'Test Patient 2'!B5) | M6: =IF('Test Patient 2'!C5="","",'Test Patient 2'!C5)
A7: ='Lucy Levene'!A6 -> 46212 | B7: =IF('Lucy Levene'!B6="","",'Lucy Levene'!B6) | C7: =IF('Lucy Levene'!D6="","",'Lucy Levene'!D6) -> Roderick | D7: =IF('Tom Bock'!B6="","",'Tom Bock'!B6) | E7: =IF('Tom Bock'!D6="","",'Tom Bock'!D6) | F7: =IF('Anita Klesch'!B6="","",'Anita Klesch'!B6) -> Naresh | G7: =IF('Anita Klesch'!C6="","",'Anita Klesch'!C6) -> Maica | H7: =IF(Jeremy!B6="","",Jeremy!B6) | I7: =IF(Jeremy!D6="","",Jeremy!D6) | J7: =IF('Test Patient'!B6="","",'Test Patient'!B6) | K7: =IF('Test Patient'!D6="","",'Test Patient'!D6) | L7: =IF('Test Patient 2'!B6="","",'Test Patient 2'!B6) | M7: =IF('Test Patient 2'!C6="","",'Test Patient 2'!C6)
A8: ='Lucy Levene'!A7 -> 46213 | B8: =IF('Lucy Levene'!B7="","",'Lucy Levene'!B7) -> Billie | C8: =IF('Lucy Levene'!D7="","",'Lucy Levene'!D7) -> Billie | D8: =IF('Tom Bock'!B7="","",'Tom Bock'!B7) | E8: =IF('Tom Bock'!D7="","",'Tom Bock'!D7) | F8: =IF('Anita Klesch'!B7="","",'Anita Klesch'!B7) -> Rochelle | G8: =IF('Anita Klesch'!C7="","",'Anita Klesch'!C7) -> Naresh | H8: =IF(Jeremy!B7="","",Jeremy!B7) | I8: =IF(Jeremy!D7="","",Jeremy!D7) | J8: =IF('Test Patient'!B7="","",'Test Patient'!B7) | K8: =IF('Test Patient'!D7="","",'Test Patient'!D7) | L8: =IF('Test Patient 2'!B7="","",'Test Patient 2'!B7) | M8: =IF('Test Patient 2'!C7="","",'Test Patient 2'!C7)
A9: ='Lucy Levene'!A8 -> 46214 | B9: =IF('Lucy Levene'!B8="","",'Lucy Levene'!B8) -> Roderick | C9: =IF('Lucy Levene'!D8="","",'Lucy Levene'!D8) -> Roderick | D9: =IF('Tom Bock'!B8="","",'Tom Bock'!B8) | E9: =IF('Tom Bock'!D8="","",'Tom Bock'!D8) | F9: =IF('Anita Klesch'!B8="","",'Anita Klesch'!B8) -> Rochelle | G9: =IF('Anita Klesch'!C8="","",'Anita Klesch'!C8) -> Naresh | H9: =IF(Jeremy!B8="","",Jeremy!B8) | I9: =IF(Jeremy!D8="","",Jeremy!D8) | J9: =IF('Test Patient'!B8="","",'Test Patient'!B8) | K9: =IF('Test Patient'!D8="","",'Test Patient'!D8) | L9: =IF('Test Patient 2'!B8="","",'Test Patient 2'!B8) | M9: =IF('Test Patient 2'!C8="","",'Test Patient 2'!C8)
A10: ='Lucy Levene'!A9 -> 46215 | B10: =IF('Lucy Levene'!B9="","",'Lucy Levene'!B9) -> Roderick | C10: =IF('Lucy Levene'!D9="","",'Lucy Levene'!D9) -> Roderick | D10: =IF('Tom Bock'!B9="","",'Tom Bock'!B9) -> Meseret | E10: =IF('Tom Bock'!D9="","",'Tom Bock'!D9) | F10: =IF('Anita Klesch'!B9="","",'Anita Klesch'!B9) -> Rochelle | G10: =IF('Anita Klesch'!C9="","",'Anita Klesch'!C9) -> Naresh | H10: =IF(Jeremy!B9="","",Jeremy!B9) | I10: =IF(Jeremy!D9="","",Jeremy!D9) | J10: =IF('Test Patient'!B9="","",'Test Patient'!B9) | K10: =IF('Test Patient'!D9="","",'Test Patient'!D9) | L10: =IF('Test Patient 2'!B9="","",'Test Patient 2'!B9) | M10: =IF('Test Patient 2'!C9="","",'Test Patient 2'!C9)
A11: ='Lucy Levene'!A10 -> 46216 | B11: Billie | C11: =IF('Lucy Levene'!D10="","",'Lucy Levene'!D10) -> Roderick | D11: =IF('Tom Bock'!B10="","",'Tom Bock'!B10) | E11: =IF('Tom Bock'!D10="","",'Tom Bock'!D10) | F11: =IF('Anita Klesch'!B10="","",'Anita Klesch'!B10) -> Ruth | G11: =IF('Anita Klesch'!C10="","",'Anita Klesch'!C10) -> Maica | H11: =IF(Jeremy!B10="","",Jeremy!B10) | I11: =IF(Jeremy!D10="","",Jeremy!D10) | J11: =IF('Test Patient'!B10="","",'Test Patient'!B10) | K11: =IF('Test Patient'!D10="","",'Test Patient'!D10) | L11: =IF('Test Patient 2'!B10="","",'Test Patient 2'!B10) | M11: =IF('Test Patient 2'!C10="","",'Test Patient 2'!C10)
A12: ='Lucy Levene'!A11 -> 46217 | B12: Roderick | C12: Roderick | D12: =IF('Tom Bock'!B11="","",'Tom Bock'!B11) | E12: =IF('Tom Bock'!D11="","",'Tom Bock'!D11) | F12: Naresh | G12: =IF('Anita Klesch'!C11="","",'Anita Klesch'!C11) -> Maica | H12: =IF(Jeremy!B11="","",Jeremy!B11) | I12: =IF(Jeremy!D11="","",Jeremy!D11) | J12: =IF('Test Patient'!B11="","",'Test Patient'!B11) | K12: =IF('Test Patient'!D11="","",'Test Patient'!D11) | L12: =IF('Test Patient 2'!B11="","",'Test Patient 2'!B11) | M12: =IF('Test Patient 2'!C11="","",'Test Patient 2'!C11)
A13: ='Lucy Levene'!A12 -> 46218 | B13: Rochelle | C13: Roderick | D13: =IF('Tom Bock'!B12="","",'Tom Bock'!B12) | E13: =IF('Tom Bock'!D12="","",'Tom Bock'!D12) | F13: =IF('Anita Klesch'!B12="","",'Anita Klesch'!B12) -> Naresh | G13: =IF('Anita Klesch'!C12="","",'Anita Klesch'!C12) -> Maica | H13: =IF(Jeremy!B12="","",Jeremy!B12) | I13: =IF(Jeremy!D12="","",Jeremy!D12) | J13: =IF('Test Patient'!B12="","",'Test Patient'!B12) | K13: =IF('Test Patient'!D12="","",'Test Patient'!D12) | L13: =IF('Test Patient 2'!B12="","",'Test Patient 2'!B12) | M13: =IF('Test Patient 2'!C12="","",'Test Patient 2'!C12)
A14: ='Lucy Levene'!A13 -> 46219 | B14: Roderick | C14: Roderick | D14: =IF('Tom Bock'!B13="","",'Tom Bock'!B13) | E14: =IF('Tom Bock'!D13="","",'Tom Bock'!D13) | F14: =IF('Anita Klesch'!B13="","",'Anita Klesch'!B13) -> Naresh | G14: =IF('Anita Klesch'!C13="","",'Anita Klesch'!C13) -> Maica | H14: =IF(Jeremy!B13="","",Jeremy!B13) | I14: =IF(Jeremy!D13="","",Jeremy!D13) | J14: =IF('Test Patient'!B13="","",'Test Patient'!B13) | K14: =IF('Test Patient'!D13="","",'Test Patient'!D13) | L14: =IF('Test Patient 2'!B13="","",'Test Patient 2'!B13) | M14: =IF('Test Patient 2'!C13="","",'Test Patient 2'!C13)
A15: ='Lucy Levene'!A14 -> 46220 | B15: Meseret | C15: Roderick | D15: =IF('Tom Bock'!B14="","",'Tom Bock'!B14) | E15: =IF('Tom Bock'!D14="","",'Tom Bock'!D14) | F15: Veronica | G15: =IF('Anita Klesch'!C14="","",'Anita Klesch'!C14) -> Maica | H15: =IF(Jeremy!B14="","",Jeremy!B14) | I15: =IF(Jeremy!D14="","",Jeremy!D14) | J15: =IF('Test Patient'!B14="","",'Test Patient'!B14) | K15: =IF('Test Patient'!D14="","",'Test Patient'!D14) | L15: =IF('Test Patient 2'!B14="","",'Test Patient 2'!B14) | M15: =IF('Test Patient 2'!C14="","",'Test Patient 2'!C14)
A16: ='Lucy Levene'!A15 -> 46221 | B16: Rochelle | C16: =IF('Lucy Levene'!D15="","",'Lucy Levene'!D15) -> Roderick | D16: =IF('Tom Bock'!B15="","",'Tom Bock'!B15) | E16: =IF('Tom Bock'!D15="","",'Tom Bock'!D15) | F16: Veronica | G16: Ruth | H16: =IF(Jeremy!B15="","",Jeremy!B15) | I16: =IF(Jeremy!D15="","",Jeremy!D15) | J16: =IF('Test Patient'!B15="","",'Test Patient'!B15) | K16: =IF('Test Patient'!D15="","",'Test Patient'!D15) | L16: =IF('Test Patient 2'!B15="","",'Test Patient 2'!B15) | M16: =IF('Test Patient 2'!C15="","",'Test Patient 2'!C15)
A17: ='Lucy Levene'!A16 -> 46222 | B17: Billie | C17: =IF('Lucy Levene'!D16="","",'Lucy Levene'!D16) -> Roderick | D17: =IF('Tom Bock'!B16="","",'Tom Bock'!B16) | E17: =IF('Tom Bock'!D16="","",'Tom Bock'!D16) | F17: Naresh | G17: Ruth | H17: =IF(Jeremy!B16="","",Jeremy!B16) | I17: =IF(Jeremy!D16="","",Jeremy!D16) | J17: =IF('Test Patient'!B16="","",'Test Patient'!B16) | K17: =IF('Test Patient'!D16="","",'Test Patient'!D16) | L17: =IF('Test Patient 2'!B16="","",'Test Patient 2'!B16) | M17: =IF('Test Patient 2'!C16="","",'Test Patient 2'!C16)
A18: ='Lucy Levene'!A17 -> 46223 | B18: Billie | C18: Roderick | D18: =IF('Tom Bock'!B17="","",'Tom Bock'!B17) | E18: =IF('Tom Bock'!D17="","",'Tom Bock'!D17) | F18: Naresh | G18: Maica | H18: =IF(Jeremy!B17="","",Jeremy!B17) | I18: =IF(Jeremy!D17="","",Jeremy!D17) | J18: =IF('Test Patient'!B17="","",'Test Patient'!B17) | K18: =IF('Test Patient'!D17="","",'Test Patient'!D17) | L18: =IF('Test Patient 2'!B17="","",'Test Patient 2'!B17) | M18: =IF('Test Patient 2'!C17="","",'Test Patient 2'!C17)
A19: ='Lucy Levene'!A18 -> 46224 | B19: Roderick | C19: Rochelle | D19: =IF('Tom Bock'!B18="","",'Tom Bock'!B18) | E19: =IF('Tom Bock'!D18="","",'Tom Bock'!D18) | H19: =IF(Jeremy!B18="","",Jeremy!B18) | I19: =IF(Jeremy!D18="","",Jeremy!D18) | J19: =IF('Test Patient'!B18="","",'Test Patient'!B18) | K19: =IF('Test Patient'!D18="","",'Test Patient'!D18) | L19: =IF('Test Patient 2'!B18="","",'Test Patient 2'!B18) | M19: =IF('Test Patient 2'!C18="","",'Test Patient 2'!C18)
A20: ='Lucy Levene'!A19 -> 46225 | B20: Rochelle | C20: Rochelle | D20: =IF('Tom Bock'!B19="","",'Tom Bock'!B19) | E20: =IF('Tom Bock'!D19="","",'Tom Bock'!D19) | H20: =IF(Jeremy!B19="","",Jeremy!B19) | I20: =IF(Jeremy!D19="","",Jeremy!D19) | J20: =IF('Test Patient'!B19="","",'Test Patient'!B19) | K20: =IF('Test Patient'!D19="","",'Test Patient'!D19) | L20: =IF('Test Patient 2'!B19="","",'Test Patient 2'!B19) | M20: =IF('Test Patient 2'!C19="","",'Test Patient 2'!C19)
A21: ='Lucy Levene'!A20 -> 46226 | B21: Rochelle | C21: Roderick | D21: =IF('Tom Bock'!B20="","",'Tom Bock'!B20) | E21: =IF('Tom Bock'!D20="","",'Tom Bock'!D20) | H21: =IF(Jeremy!B20="","",Jeremy!B20) | I21: =IF(Jeremy!D20="","",Jeremy!D20) | J21: =IF('Test Patient'!B20="","",'Test Patient'!B20) | K21: =IF('Test Patient'!D20="","",'Test Patient'!D20) | L21: =IF('Test Patient 2'!B20="","",'Test Patient 2'!B20) | M21: =IF('Test Patient 2'!C20="","",'Test Patient 2'!C20)
A22: ='Lucy Levene'!A21 -> 46227 | B22: Billie | C22: Roderick | D22: =IF('Tom Bock'!B21="","",'Tom Bock'!B21) | E22: =IF('Tom Bock'!D21="","",'Tom Bock'!D21) | H22: =IF(Jeremy!B21="","",Jeremy!B21) | I22: =IF(Jeremy!D21="","",Jeremy!D21) | J22: =IF('Test Patient'!B21="","",'Test Patient'!B21) | K22: =IF('Test Patient'!D21="","",'Test Patient'!D21) | L22: =IF('Test Patient 2'!B21="","",'Test Patient 2'!B21) | M22: =IF('Test Patient 2'!C21="","",'Test Patient 2'!C21)
A23: ='Lucy Levene'!A22 -> 46228 | B23: Roderick | C23: Billie | D23: =IF('Tom Bock'!B22="","",'Tom Bock'!B22) | E23: =IF('Tom Bock'!D22="","",'Tom Bock'!D22) | H23: =IF(Jeremy!B22="","",Jeremy!B22) | I23: =IF(Jeremy!D22="","",Jeremy!D22) | J23: =IF('Test Patient'!B22="","",'Test Patient'!B22) | K23: =IF('Test Patient'!D22="","",'Test Patient'!D22) | L23: =IF('Test Patient 2'!B22="","",'Test Patient 2'!B22) | M23: =IF('Test Patient 2'!C22="","",'Test Patient 2'!C22)
A24: ='Lucy Levene'!A23 -> 46229 | B24: Meseret | C24: Meseret | D24: =IF('Tom Bock'!B23="","",'Tom Bock'!B23) | E24: =IF('Tom Bock'!D23="","",'Tom Bock'!D23) | H24: =IF(Jeremy!B23="","",Jeremy!B23) | I24: =IF(Jeremy!D23="","",Jeremy!D23) | J24: =IF('Test Patient'!B23="","",'Test Patient'!B23) | K24: =IF('Test Patient'!D23="","",'Test Patient'!D23) | L24: =IF('Test Patient 2'!B23="","",'Test Patient 2'!B23) | M24: =IF('Test Patient 2'!C23="","",'Test Patient 2'!C23)
A25: ='Lucy Levene'!A24 -> 46230 | B25: Billie | C25: Roderick | D25: =IF('Tom Bock'!B24="","",'Tom Bock'!B24) | E25: =IF('Tom Bock'!D24="","",'Tom Bock'!D24) | H25: =IF(Jeremy!B24="","",Jeremy!B24) | I25: =IF(Jeremy!D24="","",Jeremy!D24) | J25: =IF('Test Patient'!B24="","",'Test Patient'!B24) | K25: =IF('Test Patient'!D24="","",'Test Patient'!D24) | L25: =IF('Test Patient 2'!B24="","",'Test Patient 2'!B24) | M25: =IF('Test Patient 2'!C24="","",'Test Patient 2'!C24)
A26: ='Lucy Levene'!A25 -> 46231 | B26: Rochelle | C26: Rochelle | D26: =IF('Tom Bock'!B25="","",'Tom Bock'!B25) | E26: =IF('Tom Bock'!D25="","",'Tom Bock'!D25) | H26: =IF(Jeremy!B25="","",Jeremy!B25) | I26: =IF(Jeremy!D25="","",Jeremy!D25) | J26: =IF('Test Patient'!B25="","",'Test Patient'!B25) | K26: =IF('Test Patient'!D25="","",'Test Patient'!D25) | L26: =IF('Test Patient 2'!B25="","",'Test Patient 2'!B25) | M26: =IF('Test Patient 2'!C25="","",'Test Patient 2'!C25)
A27: ='Lucy Levene'!A26 -> 46232 | B27: Billie | C27: Billie | D27: =IF('Tom Bock'!B26="","",'Tom Bock'!B26) | E27: =IF('Tom Bock'!D26="","",'Tom Bock'!D26) | H27: =IF(Jeremy!B26="","",Jeremy!B26) | I27: =IF(Jeremy!D26="","",Jeremy!D26) | J27: =IF('Test Patient'!B26="","",'Test Patient'!B26) | K27: =IF('Test Patient'!D26="","",'Test Patient'!D26) | L27: =IF('Test Patient 2'!B26="","",'Test Patient 2'!B26) | M27: =IF('Test Patient 2'!C26="","",'Test Patient 2'!C26)
A28: ='Lucy Levene'!A27 -> 46233 | B28: Roderick | C28: Roderick | D28: =IF('Tom Bock'!B27="","",'Tom Bock'!B27) | E28: =IF('Tom Bock'!D27="","",'Tom Bock'!D27) | H28: =IF(Jeremy!B27="","",Jeremy!B27) | I28: =IF(Jeremy!D27="","",Jeremy!D27) | J28: =IF('Test Patient'!B27="","",'Test Patient'!B27) | K28: =IF('Test Patient'!D27="","",'Test Patient'!D27) | L28: =IF('Test Patient 2'!B27="","",'Test Patient 2'!B27) | M28: =IF('Test Patient 2'!C27="","",'Test Patient 2'!C27)
A29: ='Lucy Levene'!A28 -> 46234 | B29: Roderick | C29: Rochelle | D29: =IF('Tom Bock'!B28="","",'Tom Bock'!B28) | E29: =IF('Tom Bock'!D28="","",'Tom Bock'!D28) | H29: =IF(Jeremy!B28="","",Jeremy!B28) | I29: =IF(Jeremy!D28="","",Jeremy!D28) | J29: =IF('Test Patient'!B28="","",'Test Patient'!B28) | K29: =IF('Test Patient'!D28="","",'Test Patient'!D28) | L29: =IF('Test Patient 2'!B28="","",'Test Patient 2'!B28) | M29: =IF('Test Patient 2'!C28="","",'Test Patient 2'!C28)
A30: ='Lucy Levene'!A29 -> 46235 | B30: Rochelle | C30: Roderick | D30: =IF('Tom Bock'!B29="","",'Tom Bock'!B29) | E30: =IF('Tom Bock'!D29="","",'Tom Bock'!D29) | H30: =IF(Jeremy!B29="","",Jeremy!B29) | I30: =IF(Jeremy!D29="","",Jeremy!D29) | J30: =IF('Test Patient'!B29="","",'Test Patient'!B29) | K30: =IF('Test Patient'!D29="","",'Test Patient'!D29) | L30: =IF('Test Patient 2'!B29="","",'Test Patient 2'!B29) | M30: =IF('Test Patient 2'!C29="","",'Test Patient 2'!C29)
A31: ='Lucy Levene'!A30 -> 46236 | B31: Meseret | C31: Meseret | D31: =IF('Tom Bock'!B30="","",'Tom Bock'!B30) | E31: =IF('Tom Bock'!D30="","",'Tom Bock'!D30) | F31: =IF('Anita Klesch'!B30="","",'Anita Klesch'!B30) | H31: =IF(Jeremy!B30="","",Jeremy!B30) | I31: =IF(Jeremy!D30="","",Jeremy!D30) | J31: =IF('Test Patient'!B30="","",'Test Patient'!B30) | K31: =IF('Test Patient'!D30="","",'Test Patient'!D30) | L31: =IF('Test Patient 2'!B30="","",'Test Patient 2'!B30) | M31: =IF('Test Patient 2'!C30="","",'Test Patient 2'!C30)
A32: ='Lucy Levene'!A31 -> 46237 | B32: =IF('Lucy Levene'!B31="","",'Lucy Levene'!B31) | C32: =IF('Lucy Levene'!D31="","",'Lucy Levene'!D31) | D32: =IF('Tom Bock'!B31="","",'Tom Bock'!B31) | E32: =IF('Tom Bock'!D31="","",'Tom Bock'!D31) | F32: =IF('Anita Klesch'!B31="","",'Anita Klesch'!B31) | G32: =IF('Anita Klesch'!C31="","",'Anita Klesch'!C31) | H32: =IF(Jeremy!B31="","",Jeremy!B31) | I32: =IF(Jeremy!D31="","",Jeremy!D31) | J32: =IF('Test Patient'!B31="","",'Test Patient'!B31) | K32: =IF('Test Patient'!D31="","",'Test Patient'!D31) | L32: =IF('Test Patient 2'!B31="","",'Test Patient 2'!B31) | M32: =IF('Test Patient 2'!C31="","",'Test Patient 2'!C31)
A33: ='Lucy Levene'!A32 -> 46238 | B33: =IF('Lucy Levene'!B32="","",'Lucy Levene'!B32) | C33: =IF('Lucy Levene'!D32="","",'Lucy Levene'!D32) | D33: =IF('Tom Bock'!B32="","",'Tom Bock'!B32) | E33: =IF('Tom Bock'!D32="","",'Tom Bock'!D32) | F33: =IF('Anita Klesch'!B32="","",'Anita Klesch'!B32) | G33: =IF('Anita Klesch'!C32="","",'Anita Klesch'!C32) | H33: =IF(Jeremy!B32="","",Jeremy!B32) | I33: =IF(Jeremy!D32="","",Jeremy!D32) | J33: =IF('Test Patient'!B32="","",'Test Patient'!B32) | K33: =IF('Test Patient'!D32="","",'Test Patient'!D32) | L33: =IF('Test Patient 2'!B32="","",'Test Patient 2'!B32) | M33: =IF('Test Patient 2'!C32="","",'Test Patient 2'!C32)
A34: ='Lucy Levene'!A33 -> 46239 | B34: =IF('Lucy Levene'!B33="","",'Lucy Levene'!B33) | C34: =IF('Lucy Levene'!D33="","",'Lucy Levene'!D33) | D34: =IF('Tom Bock'!B33="","",'Tom Bock'!B33) | E34: =IF('Tom Bock'!D33="","",'Tom Bock'!D33) | F34: =IF('Anita Klesch'!B33="","",'Anita Klesch'!B33) | G34: =IF('Anita Klesch'!C33="","",'Anita Klesch'!C33) | H34: =IF(Jeremy!B33="","",Jeremy!B33) | I34: =IF(Jeremy!D33="","",Jeremy!D33) | J34: =IF('Test Patient'!B33="","",'Test Patient'!B33) | K34: =IF('Test Patient'!D33="","",'Test Patient'!D33) | L34: =IF('Test Patient 2'!B33="","",'Test Patient 2'!B33) | M34: =IF('Test Patient 2'!C33="","",'Test Patient 2'!C33)
A35: ='Lucy Levene'!A34 -> 46240 | B35: =IF('Lucy Levene'!B34="","",'Lucy Levene'!B34) | C35: =IF('Lucy Levene'!D34="","",'Lucy Levene'!D34) | D35: =IF('Tom Bock'!B34="","",'Tom Bock'!B34) | E35: =IF('Tom Bock'!D34="","",'Tom Bock'!D34) | F35: =IF('Anita Klesch'!B34="","",'Anita Klesch'!B34) | G35: =IF('Anita Klesch'!C34="","",'Anita Klesch'!C34) | H35: =IF(Jeremy!B34="","",Jeremy!B34) | I35: =IF(Jeremy!D34="","",Jeremy!D34) | J35: =IF('Test Patient'!B34="","",'Test Patient'!B34) | K35: =IF('Test Patient'!D34="","",'Test Patient'!D34) | L35: =IF('Test Patient 2'!B34="","",'Test Patient 2'!B34) | M35: =IF('Test Patient 2'!C34="","",'Test Patient 2'!C34)
A36: ='Lucy Levene'!A35 -> 46241 | B36: =IF('Lucy Levene'!B35="","",'Lucy Levene'!B35) | C36: =IF('Lucy Levene'!D35="","",'Lucy Levene'!D35) | D36: =IF('Tom Bock'!B35="","",'Tom Bock'!B35) | E36: =IF('Tom Bock'!D35="","",'Tom Bock'!D35) | F36: =IF('Anita Klesch'!B35="","",'Anita Klesch'!B35) | G36: =IF('Anita Klesch'!C35="","",'Anita Klesch'!C35) | H36: =IF(Jeremy!B35="","",Jeremy!B35) | I36: =IF(Jeremy!D35="","",Jeremy!D35) | J36: =IF('Test Patient'!B35="","",'Test Patient'!B35) | K36: =IF('Test Patient'!D35="","",'Test Patient'!D35) | L36: =IF('Test Patient 2'!B35="","",'Test Patient 2'!B35) | M36: =IF('Test Patient 2'!C35="","",'Test Patient 2'!C35)
A37: ='Lucy Levene'!A36 -> 46242 | B37: =IF('Lucy Levene'!B36="","",'Lucy Levene'!B36) | C37: =IF('Lucy Levene'!D36="","",'Lucy Levene'!D36) | D37: =IF('Tom Bock'!B36="","",'Tom Bock'!B36) | E37: =IF('Tom Bock'!D36="","",'Tom Bock'!D36) | F37: =IF('Anita Klesch'!B36="","",'Anita Klesch'!B36) | G37: =IF('Anita Klesch'!C36="","",'Anita Klesch'!C36) | H37: =IF(Jeremy!B36="","",Jeremy!B36) | I37: =IF(Jeremy!D36="","",Jeremy!D36) | J37: =IF('Test Patient'!B36="","",'Test Patient'!B36) | K37: =IF('Test Patient'!D36="","",'Test Patient'!D36) | L37: =IF('Test Patient 2'!B36="","",'Test Patient 2'!B36) | M37: =IF('Test Patient 2'!C36="","",'Test Patient 2'!C36)
A38: ='Lucy Levene'!A37 -> 46243 | B38: =IF('Lucy Levene'!B37="","",'Lucy Levene'!B37) | C38: =IF('Lucy Levene'!D37="","",'Lucy Levene'!D37) | D38: =IF('Tom Bock'!B37="","",'Tom Bock'!B37) | E38: =IF('Tom Bock'!D37="","",'Tom Bock'!D37) | F38: =IF('Anita Klesch'!B37="","",'Anita Klesch'!B37) | G38: =IF('Anita Klesch'!C37="","",'Anita Klesch'!C37) | H38: =IF(Jeremy!B37="","",Jeremy!B37) | I38: =IF(Jeremy!D37="","",Jeremy!D37) | J38: =IF('Test Patient'!B37="","",'Test Patient'!B37) | K38: =IF('Test Patient'!D37="","",'Test Patient'!D37) | L38: =IF('Test Patient 2'!B37="","",'Test Patient 2'!B37) | M38: =IF('Test Patient 2'!C37="","",'Test Patient 2'!C37)
A39: ='Lucy Levene'!A38 -> 46244 | B39: =IF('Lucy Levene'!B38="","",'Lucy Levene'!B38) | C39: =IF('Lucy Levene'!D38="","",'Lucy Levene'!D38) | D39: =IF('Tom Bock'!B38="","",'Tom Bock'!B38) | E39: =IF('Tom Bock'!D38="","",'Tom Bock'!D38) | F39: =IF('Anita Klesch'!B38="","",'Anita Klesch'!B38) | G39: =IF('Anita Klesch'!C38="","",'Anita Klesch'!C38) | H39: =IF(Jeremy!B38="","",Jeremy!B38) | I39: =IF(Jeremy!D38="","",Jeremy!D38) | J39: =IF('Test Patient'!B38="","",'Test Patient'!B38) | K39: =IF('Test Patient'!D38="","",'Test Patient'!D38) | L39: =IF('Test Patient 2'!B38="","",'Test Patient 2'!B38) | M39: =IF('Test Patient 2'!C38="","",'Test Patient 2'!C38)
A40: ='Lucy Levene'!A39 -> 46245 | B40: =IF('Lucy Levene'!B39="","",'Lucy Levene'!B39) | C40: =IF('Lucy Levene'!D39="","",'Lucy Levene'!D39) | D40: =IF('Tom Bock'!B39="","",'Tom Bock'!B39) | E40: =IF('Tom Bock'!D39="","",'Tom Bock'!D39) | F40: =IF('Anita Klesch'!B39="","",'Anita Klesch'!B39) | G40: =IF('Anita Klesch'!C39="","",'Anita Klesch'!C39) | H40: =IF(Jeremy!B39="","",Jeremy!B39) | I40: =IF(Jeremy!D39="","",Jeremy!D39) | J40: =IF('Test Patient'!B39="","",'Test Patient'!B39) | K40: =IF('Test Patient'!D39="","",'Test Patient'!D39) | L40: =IF('Test Patient 2'!B39="","",'Test Patient 2'!B39) | M40: =IF('Test Patient 2'!C39="","",'Test Patient 2'!C39)
A41: ='Lucy Levene'!A40 -> 46246 | B41: =IF('Lucy Levene'!B40="","",'Lucy Levene'!B40) | C41: =IF('Lucy Levene'!D40="","",'Lucy Levene'!D40) | D41: =IF('Tom Bock'!B40="","",'Tom Bock'!B40) | E41: =IF('Tom Bock'!D40="","",'Tom Bock'!D40) | F41: =IF('Anita Klesch'!B40="","",'Anita Klesch'!B40) | G41: =IF('Anita Klesch'!C40="","",'Anita Klesch'!C40) | H41: =IF(Jeremy!B40="","",Jeremy!B40) | I41: =IF(Jeremy!D40="","",Jeremy!D40) | J41: =IF('Test Patient'!B40="","",'Test Patient'!B40) | K41: =IF('Test Patient'!D40="","",'Test Patient'!D40) | L41: =IF('Test Patient 2'!B40="","",'Test Patient 2'!B40) | M41: =IF('Test Patient 2'!C40="","",'Test Patient 2'!C40)
A42: ='Lucy Levene'!A41 -> 46247 | B42: =IF('Lucy Levene'!B41="","",'Lucy Levene'!B41) | C42: =IF('Lucy Levene'!D41="","",'Lucy Levene'!D41) | D42: =IF('Tom Bock'!B41="","",'Tom Bock'!B41) | E42: =IF('Tom Bock'!D41="","",'Tom Bock'!D41) | F42: =IF('Anita Klesch'!B41="","",'Anita Klesch'!B41) | G42: =IF('Anita Klesch'!C41="","",'Anita Klesch'!C41) | H42: =IF(Jeremy!B41="","",Jeremy!B41) | I42: =IF(Jeremy!D41="","",Jeremy!D41) | J42: =IF('Test Patient'!B41="","",'Test Patient'!B41) | K42: =IF('Test Patient'!D41="","",'Test Patient'!D41) | L42: =IF('Test Patient 2'!B41="","",'Test Patient 2'!B41) | M42: =IF('Test Patient 2'!C41="","",'Test Patient 2'!C41)
A43: ='Lucy Levene'!A42 -> 46248 | B43: =IF('Lucy Levene'!B42="","",'Lucy Levene'!B42) | C43: =IF('Lucy Levene'!D42="","",'Lucy Levene'!D42) | D43: =IF('Tom Bock'!B42="","",'Tom Bock'!B42) | E43: =IF('Tom Bock'!D42="","",'Tom Bock'!D42) | F43: =IF('Anita Klesch'!B42="","",'Anita Klesch'!B42) | G43: =IF('Anita Klesch'!C42="","",'Anita Klesch'!C42) | H43: =IF(Jeremy!B42="","",Jeremy!B42) | I43: =IF(Jeremy!D42="","",Jeremy!D42) | J43: =IF('Test Patient'!B42="","",'Test Patient'!B42) | K43: =IF('Test Patient'!D42="","",'Test Patient'!D42) | L43: =IF('Test Patient 2'!B42="","",'Test Patient 2'!B42) | M43: =IF('Test Patient 2'!C42="","",'Test Patient 2'!C42)
A46: Shift Details
A47: Patient LL: AM Shift | PM Shift
A48: Patient TB: AM Shift | PM Shift
A49: Patient AK: 24-Hour Coverage (Day: 08:00–20:00 | Night: 20:00–08:00)
A50: Patient Jeremy: AM Shift | PM Shift
A51: Use the empty cells to assign staff members to each shift.

Sheet Dashboard
A1: Care Rota - Central Dashboard
A3: Shift Hours (editable) | D3: Staff Roster | F3: Client Engagement Dates
A4: Visit (AM / PM) | B4: 2 | D4: Billie | F4: Client | G4: Start | H4: End | K4: Time options
A5: Day Shift | B5: 12 | D5: Roderick | F5: Lucy Levene | G5: =DATE(2026,7,8) -> 46211 | K5: =TIME(6,0,0) -> 0.25
A6: Night Shift | B6: 12 | D6: Meseret | F6: Tom Bock | G6: =DATE(2026,7,17) -> 46220 | H6: =DATE(2026,7,19) -> 46222 | K6: =K5+TIME(0,30,0) -> 0.27083333
A7: Day starts | B7: =TIME(8,0,0) -> 0.33333333 | D7: Naresh | F7: Anita Klesch | G7: =DATE(2026,7,8) -> 46211 | H7: =DATE(2026,7,22) -> 46225 | K7: =K6+TIME(0,30,0) -> 0.29166667
A8: Day ends | B8: =TIME(20,0,0) -> 0.83333333 | D8: Rochelle | F8: Jeremy Thomas | G8: =DATE(2026,7,8) -> 46211 | H8: =DATE(2026,8,14) -> 46248 | K8: =K7+TIME(0,30,0) -> 0.3125
D9: Maica | F9: Test Patient | G9: =DATE(2026,7,8) -> 46211 | H9: =DATE(2026,8,14) -> 46248 | K9: =K8+TIME(0,30,0) -> 0.33333333
D10: Ricardo | F10: Test Patient 2 | G10: =DATE(2026,7,8) -> 46211 | H10: =DATE(2026,8,14) -> 46248 | K10: =K9+TIME(0,30,0) -> 0.35416667
A11: Staff Totals (whole rota) | D11: Veronica | E11: Client Activity | K11: =K10+TIME(0,30,0) -> 0.375
A12: Staff | B12: Shifts | C12: Hours | D12: Ruth | E12: Client | F12: Scheduled | G12: Coverage | H12: Gaps | K12: =K11+TIME(0,30,0) -> 0.39583333
A13: =IF(D4="","",D4) -> Billie | B13: =IF($A13="","",COUNTIF('Lucy Levene'!$M$5:$O$42,$A13)+COUNTIF('Tom Bock'!$M$5:$O$42,$A13)+COUNTIF(Jeremy!$M$5:$O$42,$A13)+COUNTIF('Test Patient'!$M$5:$O$42,$A13)+COUNTIF('Anita Klesch'!$M$5:$N$42,$A13)+COUNTIF('Test Patient 2'!$M$5:$N$42,$A13)) -> 12 | C13: =IF($A13="","",(COUNTIF('Lucy Levene'!$M$5:$O$42,$A13)+COUNTIF('Tom Bock'!$M$5:$O$42,$A13)+COUNTIF(Jeremy!$M$5:$O$42,$A13)+COUNTIF('Test Patient'!$M$5:$O$42,$A13))*VisitHrs+(COUNTIF('Anita Klesch'!$M$5:$M$42,$A13)+COUNTIF('Test Patient 2'!$M$5:$M$42,$A13))*DayHrs+(COUNTIF('Anita Klesch'!$N$5:$N$42,$A13)+COUNTIF('Test Patient 2'!$N$5:$N$42,$A13))*NightHrs) -> 24 | D13: Joriza | E13: Lucy Levene | F13: =SUM('Lucy Levene'!$I$5:$I$42) -> 47 | G13: — | H13: — | K13: =K12+TIME(0,30,0) -> 0.41666667
A14: =IF(D5="","",D5) -> Roderick | B14: =IF($A14="","",COUNTIF('Lucy Levene'!$M$5:$O$42,$A14)+COUNTIF('Tom Bock'!$M$5:$O$42,$A14)+COUNTIF(Jeremy!$M$5:$O$42,$A14)+COUNTIF('Test Patient'!$M$5:$O$42,$A14)+COUNTIF('Anita Klesch'!$M$5:$N$42,$A14)+COUNTIF('Test Patient 2'!$M$5:$N$42,$A14)) -> 25 | C14: =IF($A14="","",(COUNTIF('Lucy Levene'!$M$5:$O$42,$A14)+COUNTIF('Tom Bock'!$M$5:$O$42,$A14)+COUNTIF(Jeremy!$M$5:$O$42,$A14)+COUNTIF('Test Patient'!$M$5:$O$42,$A14))*VisitHrs+(COUNTIF('Anita Klesch'!$M$5:$M$42,$A14)+COUNTIF('Test Patient 2'!$M$5:$M$42,$A14))*DayHrs+(COUNTIF('Anita Klesch'!$N$5:$N$42,$A14)+COUNTIF('Test Patient 2'!$N$5:$N$42,$A14))*NightHrs) -> 50 | E14: Tom Bock | F14: =SUM('Tom Bock'!$I$5:$I$42) -> 0 | G14: — | H14: — | K14: =K13+TIME(0,30,0) -> 0.4375
A15: =IF(D6="","",D6) -> Meseret | B15: =IF($A15="","",COUNTIF('Lucy Levene'!$M$5:$O$42,$A15)+COUNTIF('Tom Bock'!$M$5:$O$42,$A15)+COUNTIF(Jeremy!$M$5:$O$42,$A15)+COUNTIF('Test Patient'!$M$5:$O$42,$A15)+COUNTIF('Anita Klesch'!$M$5:$N$42,$A15)+COUNTIF('Test Patient 2'!$M$5:$N$42,$A15)) -> 2 | C15: =IF($A15="","",(COUNTIF('Lucy Levene'!$M$5:$O$42,$A15)+COUNTIF('Tom Bock'!$M$5:$O$42,$A15)+COUNTIF(Jeremy!$M$5:$O$42,$A15)+COUNTIF('Test Patient'!$M$5:$O$42,$A15))*VisitHrs+(COUNTIF('Anita Klesch'!$M$5:$M$42,$A15)+COUNTIF('Test Patient 2'!$M$5:$M$42,$A15))*DayHrs+(COUNTIF('Anita Klesch'!$N$5:$N$42,$A15)+COUNTIF('Test Patient 2'!$N$5:$N$42,$A15))*NightHrs) -> 4 | E15: Anita Klesch | F15: =COUNTIF('Anita Klesch'!$M$5:$N$42,"?*") -> 26 | G15: =IF(SUM('Anita Klesch'!$H$5:$H$42)=0,0,F15/(SUM('Anita Klesch'!$H$5:$H$42)*2)) -> 0.86666667 | H15: =SUM('Anita Klesch'!$H$5:$H$42)*2-F15 -> 4 | K15: =K14+TIME(0,30,0) -> 0.45833333
A16: =IF(D7="","",D7) -> Naresh | B16: =IF($A16="","",COUNTIF('Lucy Levene'!$M$5:$O$42,$A16)+COUNTIF('Tom Bock'!$M$5:$O$42,$A16)+COUNTIF(Jeremy!$M$5:$O$42,$A16)+COUNTIF('Test Patient'!$M$5:$O$42,$A16)+COUNTIF('Anita Klesch'!$M$5:$N$42,$A16)+COUNTIF('Test Patient 2'!$M$5:$N$42,$A16)) -> 9 | C16: =IF($A16="","",(COUNTIF('Lucy Levene'!$M$5:$O$42,$A16)+COUNTIF('Tom Bock'!$M$5:$O$42,$A16)+COUNTIF(Jeremy!$M$5:$O$42,$A16)+COUNTIF('Test Patient'!$M$5:$O$42,$A16))*VisitHrs+(COUNTIF('Anita Klesch'!$M$5:$M$42,$A16)+COUNTIF('Test Patient 2'!$M$5:$M$42,$A16))*DayHrs+(COUNTIF('Anita Klesch'!$N$5:$N$42,$A16)+COUNTIF('Test Patient 2'!$N$5:$N$42,$A16))*NightHrs) -> 108 | E16: Jeremy | F16: =SUM(Jeremy!$I$5:$I$42) -> 0 | G16: — | H16: — | K16: =K15+TIME(0,30,0) -> 0.47916667
A17: =IF(D8="","",D8) -> Rochelle | B17: =IF($A17="","",COUNTIF('Lucy Levene'!$M$5:$O$42,$A17)+COUNTIF('Tom Bock'!$M$5:$O$42,$A17)+COUNTIF(Jeremy!$M$5:$O$42,$A17)+COUNTIF('Test Patient'!$M$5:$O$42,$A17)+COUNTIF('Anita Klesch'!$M$5:$N$42,$A17)+COUNTIF('Test Patient 2'!$M$5:$N$42,$A17)) -> 11 | C17: =IF($A17="","",(COUNTIF('Lucy Levene'!$M$5:$O$42,$A17)+COUNTIF('Tom Bock'!$M$5:$O$42,$A17)+COUNTIF(Jeremy!$M$5:$O$42,$A17)+COUNTIF('Test Patient'!$M$5:$O$42,$A17))*VisitHrs+(COUNTIF('Anita Klesch'!$M$5:$M$42,$A17)+COUNTIF('Test Patient 2'!$M$5:$M$42,$A17))*DayHrs+(COUNTIF('Anita Klesch'!$N$5:$N$42,$A17)+COUNTIF('Test Patient 2'!$N$5:$N$42,$A17))*NightHrs) -> 52 | E17: Test Patient | F17: =SUM('Test Patient'!$I$5:$I$42) -> 0 | G17: — | H17: — | K17: =K16+TIME(0,30,0) -> 0.5
A18: =IF(D9="","",D9) -> Maica | B18: =IF($A18="","",COUNTIF('Lucy Levene'!$M$5:$O$42,$A18)+COUNTIF('Tom Bock'!$M$5:$O$42,$A18)+COUNTIF(Jeremy!$M$5:$O$42,$A18)+COUNTIF('Test Patient'!$M$5:$O$42,$A18)+COUNTIF('Anita Klesch'!$M$5:$N$42,$A18)+COUNTIF('Test Patient 2'!$M$5:$N$42,$A18)) -> 8 | C18: =IF($A18="","",(COUNTIF('Lucy Levene'!$M$5:$O$42,$A18)+COUNTIF('Tom Bock'!$M$5:$O$42,$A18)+COUNTIF(Jeremy!$M$5:$O$42,$A18)+COUNTIF('Test Patient'!$M$5:$O$42,$A18))*VisitHrs+(COUNTIF('Anita Klesch'!$M$5:$M$42,$A18)+COUNTIF('Test Patient 2'!$M$5:$M$42,$A18))*DayHrs+(COUNTIF('Anita Klesch'!$N$5:$N$42,$A18)+COUNTIF('Test Patient 2'!$N$5:$N$42,$A18))*NightHrs) -> 96 | E18: Test Patient 2 | F18: =COUNTIF('Test Patient 2'!$M$5:$N$42,"?*") -> 0 | G18: =IF(SUM('Test Patient 2'!$H$5:$H$42)=0,0,F18/(SUM('Test Patient 2'!$H$5:$H$42)*2)) -> 0 | H18: =SUM('Test Patient 2'!$H$5:$H$42)*2-F18 -> 76 | K18: =K17+TIME(0,30,0) -> 0.52083333
A19: =IF(D10="","",D10) -> Ricardo | B19: =IF($A19="","",COUNTIF('Lucy Levene'!$M$5:$O$42,$A19)+COUNTIF('Tom Bock'!$M$5:$O$42,$A19)+COUNTIF(Jeremy!$M$5:$O$42,$A19)+COUNTIF('Test Patient'!$M$5:$O$42,$A19)+COUNTIF('Anita Klesch'!$M$5:$N$42,$A19)+COUNTIF('Test Patient 2'!$M$5:$N$42,$A19)) -> 0 | C19: =IF($A19="","",(COUNTIF('Lucy Levene'!$M$5:$O$42,$A19)+COUNTIF('Tom Bock'!$M$5:$O$42,$A19)+COUNTIF(Jeremy!$M$5:$O$42,$A19)+COUNTIF('Test Patient'!$M$5:$O$42,$A19))*VisitHrs+(COUNTIF('Anita Klesch'!$M$5:$M$42,$A19)+COUNTIF('Test Patient 2'!$M$5:$M$42,$A19))*DayHrs+(COUNTIF('Anita Klesch'!$N$5:$N$42,$A19)+COUNTIF('Test Patient 2'!$N$5:$N$42,$A19))*NightHrs) -> 0 | K19: =K18+TIME(0,30,0) -> 0.54166667
A20: =IF(D11="","",D11) -> Veronica | B20: =IF($A20="","",COUNTIF('Lucy Levene'!$M$5:$O$42,$A20)+COUNTIF('Tom Bock'!$M$5:$O$42,$A20)+COUNTIF(Jeremy!$M$5:$O$42,$A20)+COUNTIF('Test Patient'!$M$5:$O$42,$A20)+COUNTIF('Anita Klesch'!$M$5:$N$42,$A20)+COUNTIF('Test Patient 2'!$M$5:$N$42,$A20)) -> 2 | C20: =IF($A20="","",(COUNTIF('Lucy Levene'!$M$5:$O$42,$A20)+COUNTIF('Tom Bock'!$M$5:$O$42,$A20)+COUNTIF(Jeremy!$M$5:$O$42,$A20)+COUNTIF('Test Patient'!$M$5:$O$42,$A20))*VisitHrs+(COUNTIF('Anita Klesch'!$M$5:$M$42,$A20)+COUNTIF('Test Patient 2'!$M$5:$M$42,$A20))*DayHrs+(COUNTIF('Anita Klesch'!$N$5:$N$42,$A20)+COUNTIF('Test Patient 2'!$N$5:$N$42,$A20))*NightHrs) -> 24 | E20: Double-Booking Alerts | K20: =K19+TIME(0,30,0) -> 0.5625
A21: =IF(D12="","",D12) -> Ruth | B21: =IF($A21="","",COUNTIF('Lucy Levene'!$M$5:$O$42,$A21)+COUNTIF('Tom Bock'!$M$5:$O$42,$A21)+COUNTIF(Jeremy!$M$5:$O$42,$A21)+COUNTIF('Test Patient'!$M$5:$O$42,$A21)+COUNTIF('Anita Klesch'!$M$5:$N$42,$A21)+COUNTIF('Test Patient 2'!$M$5:$N$42,$A21)) -> 3 | C21: =IF($A21="","",(COUNTIF('Lucy Levene'!$M$5:$O$42,$A21)+COUNTIF('Tom Bock'!$M$5:$O$42,$A21)+COUNTIF(Jeremy!$M$5:$O$42,$A21)+COUNTIF('Test Patient'!$M$5:$O$42,$A21))*VisitHrs+(COUNTIF('Anita Klesch'!$M$5:$M$42,$A21)+COUNTIF('Test Patient 2'!$M$5:$M$42,$A21))*DayHrs+(COUNTIF('Anita Klesch'!$N$5:$N$42,$A21)+COUNTIF('Test Patient 2'!$N$5:$N$42,$A21))*NightHrs) -> 36 | E21: Conflicting shift cells: | H21: =SUM('Lucy Levene'!$J$5:$L$42)+SUM('Tom Bock'!$J$5:$L$42)+SUM(Jeremy!$J$5:$L$42)+SUM('Test Patient'!$J$5:$L$42)+SUM('Anita Klesch'!$J$5:$K$42)+SUM('Test Patient 2'!$J$5:$K$42) -> 0 | K21: =K20+TIME(0,30,0) -> 0.58333333
A22: =IF(D13="","",D13) -> Joriza | B22: =IF($A22="","",COUNTIF('Lucy Levene'!$M$5:$O$42,$A22)+COUNTIF('Tom Bock'!$M$5:$O$42,$A22)+COUNTIF(Jeremy!$M$5:$O$42,$A22)+COUNTIF('Test Patient'!$M$5:$O$42,$A22)+COUNTIF('Anita Klesch'!$M$5:$N$42,$A22)+COUNTIF('Test Patient 2'!$M$5:$N$42,$A22)) -> 1 | C22: =IF($A22="","",(COUNTIF('Lucy Levene'!$M$5:$O$42,$A22)+COUNTIF('Tom Bock'!$M$5:$O$42,$A22)+COUNTIF(Jeremy!$M$5:$O$42,$A22)+COUNTIF('Test Patient'!$M$5:$O$42,$A22))*VisitHrs+(COUNTIF('Anita Klesch'!$M$5:$M$42,$A22)+COUNTIF('Test Patient 2'!$M$5:$M$42,$A22))*DayHrs+(COUNTIF('Anita Klesch'!$N$5:$N$42,$A22)+COUNTIF('Test Patient 2'!$N$5:$N$42,$A22))*NightHrs) -> 12 | E22: Flags same staff double-booked in overlapping time. Enter visit times to activate. | K22: =K21+TIME(0,30,0) -> 0.60416667
K23: =K22+TIME(0,30,0) -> 0.625
K24: =K23+TIME(0,30,0) -> 0.64583333
A25: Weekly Summary | K25: =K24+TIME(0,30,0) -> 0.66666667
A26: Week starting | B26: Filled | C26: Hours | D26: Gaps (Anita) | K26: =K25+TIME(0,30,0) -> 0.6875
A27: ='Lucy Levene'!A5 -> 46211 | B27: =SUM('Lucy Levene'!I5:I11)+SUM('Tom Bock'!I5:I11)+SUM(Jeremy!I5:I11)+SUM('Test Patient'!I5:I11)+COUNTIF('Anita Klesch'!M5:N11,"?*")+COUNTIF('Test Patient 2'!M5:N11,"?*") -> 25 | C27: =(SUM('Lucy Levene'!I5:I11)+SUM('Tom Bock'!I5:I11)+SUM(Jeremy!I5:I11)+SUM('Test Patient'!I5:I11))*VisitHrs+(COUNTIF('Anita Klesch'!M5:M11,"?*")+COUNTIF('Test Patient 2'!M5:M11,"?*"))*DayHrs+(COUNTIF('Anita Klesch'!N5:N11,"?*")+COUNTIF('Test Patient 2'!N5:N11,"?*"))*NightHrs -> 190 | D27: =(SUM('Anita Klesch'!H5:H11)+SUM('Test Patient 2'!H5:H11))*2-(COUNTIF('Anita Klesch'!M5:N11,"?*")+COUNTIF('Test Patient 2'!M5:N11,"?*")) -> 14 | K27: =K26+TIME(0,30,0) -> 0.70833333
A28: ='Lucy Levene'!A12 -> 46218 | B28: =SUM('Lucy Levene'!I12:I18)+SUM('Tom Bock'!I12:I18)+SUM(Jeremy!I12:I18)+SUM('Test Patient'!I12:I18)+COUNTIF('Anita Klesch'!M12:N18,"?*")+COUNTIF('Test Patient 2'!M12:N18,"?*") -> 26 | C28: =(SUM('Lucy Levene'!I12:I18)+SUM('Tom Bock'!I12:I18)+SUM(Jeremy!I12:I18)+SUM('Test Patient'!I12:I18))*VisitHrs+(COUNTIF('Anita Klesch'!M12:M18,"?*")+COUNTIF('Test Patient 2'!M12:M18,"?*"))*DayHrs+(COUNTIF('Anita Klesch'!N12:N18,"?*")+COUNTIF('Test Patient 2'!N12:N18,"?*"))*NightHrs -> 172 | D28: =(SUM('Anita Klesch'!H12:H18)+SUM('Test Patient 2'!H12:H18))*2-(COUNTIF('Anita Klesch'!M12:N18,"?*")+COUNTIF('Test Patient 2'!M12:N18,"?*")) -> 16 | K28: =K27+TIME(0,30,0) -> 0.72916667
A29: ='Lucy Levene'!A19 -> 46225 | B29: =SUM('Lucy Levene'!I19:I25)+SUM('Tom Bock'!I19:I25)+SUM(Jeremy!I19:I25)+SUM('Test Patient'!I19:I25)+COUNTIF('Anita Klesch'!M19:N25,"?*")+COUNTIF('Test Patient 2'!M19:N25,"?*") -> 14 | C29: =(SUM('Lucy Levene'!I19:I25)+SUM('Tom Bock'!I19:I25)+SUM(Jeremy!I19:I25)+SUM('Test Patient'!I19:I25))*VisitHrs+(COUNTIF('Anita Klesch'!M19:M25,"?*")+COUNTIF('Test Patient 2'!M19:M25,"?*"))*DayHrs+(COUNTIF('Anita Klesch'!N19:N25,"?*")+COUNTIF('Test Patient 2'!N19:N25,"?*"))*NightHrs -> 28 | D29: =(SUM('Anita Klesch'!H19:H25)+SUM('Test Patient 2'!H19:H25))*2-(COUNTIF('Anita Klesch'!M19:N25,"?*")+COUNTIF('Test Patient 2'!M19:N25,"?*")) -> 16 | K29: =K28+TIME(0,30,0) -> 0.75
A30: ='Lucy Levene'!A26 -> 46232 | B30: =SUM('Lucy Levene'!I26:I32)+SUM('Tom Bock'!I26:I32)+SUM(Jeremy!I26:I32)+SUM('Test Patient'!I26:I32)+COUNTIF('Anita Klesch'!M26:N32,"?*")+COUNTIF('Test Patient 2'!M26:N32,"?*") -> 8 | C30: =(SUM('Lucy Levene'!I26:I32)+SUM('Tom Bock'!I26:I32)+SUM(Jeremy!I26:I32)+SUM('Test Patient'!I26:I32))*VisitHrs+(COUNTIF('Anita Klesch'!M26:M32,"?*")+COUNTIF('Test Patient 2'!M26:M32,"?*"))*DayHrs+(COUNTIF('Anita Klesch'!N26:N32,"?*")+COUNTIF('Test Patient 2'!N26:N32,"?*"))*NightHrs -> 16 | D30: =(SUM('Anita Klesch'!H26:H32)+SUM('Test Patient 2'!H26:H32))*2-(COUNTIF('Anita Klesch'!M26:N32,"?*")+COUNTIF('Test Patient 2'!M26:N32,"?*")) -> 14 | K30: =K29+TIME(0,30,0) -> 0.77083333
A31: ='Lucy Levene'!A33 -> 46239 | B31: =SUM('Lucy Levene'!I33:I39)+SUM('Tom Bock'!I33:I39)+SUM(Jeremy!I33:I39)+SUM('Test Patient'!I33:I39)+COUNTIF('Anita Klesch'!M33:N39,"?*")+COUNTIF('Test Patient 2'!M33:N39,"?*") -> 0 | C31: =(SUM('Lucy Levene'!I33:I39)+SUM('Tom Bock'!I33:I39)+SUM(Jeremy!I33:I39)+SUM('Test Patient'!I33:I39))*VisitHrs+(COUNTIF('Anita Klesch'!M33:M39,"?*")+COUNTIF('Test Patient 2'!M33:M39,"?*"))*DayHrs+(COUNTIF('Anita Klesch'!N33:N39,"?*")+COUNTIF('Test Patient 2'!N33:N39,"?*"))*NightHrs -> 0 | D31: =(SUM('Anita Klesch'!H33:H39)+SUM('Test Patient 2'!H33:H39))*2-(COUNTIF('Anita Klesch'!M33:N39,"?*")+COUNTIF('Test Patient 2'!M33:N39,"?*")) -> 14 | K31: =K30+TIME(0,30,0) -> 0.79166667
A32: ='Lucy Levene'!A40 -> 46246 | B32: =SUM('Lucy Levene'!I40:I42)+SUM('Tom Bock'!I40:I42)+SUM(Jeremy!I40:I42)+SUM('Test Patient'!I40:I42)+COUNTIF('Anita Klesch'!M40:N42,"?*")+COUNTIF('Test Patient 2'!M40:N42,"?*") -> 0 | C32: =(SUM('Lucy Levene'!I40:I42)+SUM('Tom Bock'!I40:I42)+SUM(Jeremy!I40:I42)+SUM('Test Patient'!I40:I42))*VisitHrs+(COUNTIF('Anita Klesch'!M40:M42,"?*")+COUNTIF('Test Patient 2'!M40:M42,"?*"))*DayHrs+(COUNTIF('Anita Klesch'!N40:N42,"?*")+COUNTIF('Test Patient 2'!N40:N42,"?*"))*NightHrs -> 0 | D32: =(SUM('Anita Klesch'!H40:H42)+SUM('Test Patient 2'!H40:H42))*2-(COUNTIF('Anita Klesch'!M40:N42,"?*")+COUNTIF('Test Patient 2'!M40:N42,"?*")) -> 6 | K32: =K31+TIME(0,30,0) -> 0.8125
A33: TOTAL | B33: =SUM(B27:B32) -> 73 | C33: =SUM(C27:C32) -> 406 | D33: =SUM(D27:D32) -> 80 | K33: =K32+TIME(0,30,0) -> 0.83333333
K34: =K33+TIME(0,30,0) -> 0.85416667
K35: =K34+TIME(0,30,0) -> 0.875
K36: =K35+TIME(0,30,0) -> 0.89583333
K37: =K36+TIME(0,30,0) -> 0.91666667

Sheet Lucy Levene
A1: Lucy Levene — Care Rota
A2: Visits · AM & PM (2 hours each)
A4: Date | B4: Visit 1 | C4: Time | D4: Visit 2 | E4: Time | F4: Visit 3 | G4: Time | H4: inWin | I4: visits | J4: fV1 | K4: fV2 | L4: fV3 | M4: effV1 | N4: effV2 | O4: effV3
A5: =DATE(2026,7,8) -> 46211 | H5: =IF($A5="",0,IF(AND(OR(NOT(ISNUMBER(LL_Start)),LL_Start=0,$A5>=LL_Start),OR(NOT(ISNUMBER(LL_End)),LL_End=0,$A5<=LL_End)),1,0)) -> 1 | I5: =IF($H5=1,($B5<>"")+($D5<>"")+($F5<>""),0) -> 0 | J5: =IF(AND($H5=1,$B5<>"",ISNUMBER($C5)),IF(((('Lucy Levene'!B5=$B5)*ISNUMBER('Lucy Levene'!C5)*(ABS('Lucy Levene'!C5-$C5)<VisitHrs/24)+('Lucy Levene'!D5=$B5)*ISNUMBER('Lucy Levene'!E5)*(ABS('Lucy Levene'!E5-$C5)<VisitHrs/24)+('Lucy Levene'!F5=$B5)*ISNUMBER('Lucy Levene'!G5)*(ABS('Lucy Levene'!G5-$C5)<VisitHrs/24)+('Tom Bock'!B5=$B5)*ISNUMBER('Tom Bock'!C5)*(ABS('Tom Bock'!C5-$C5)<VisitHrs/24)+('Tom Bock'!D5=$B5)*ISNUMBER('Tom Bock'!E5)*(ABS('Tom Bock'!E5-$C5)<VisitHrs/24)+('Tom Bock'!F5=$B5)*ISNUMBER('Tom Bock'!G5)*(ABS('Tom Bock'!G5-$C5)<VisitHrs/24)+(Jeremy!B5=$B5)*ISNUMBER(Jeremy!C5)*(ABS(Jeremy!C5-$C5)<VisitHrs/24)+(Jeremy!D5=$B5)*ISNUMBER(Jeremy!E5)*(ABS(Jeremy!E5-$C5)<VisitHrs/24)+(Jeremy!F5=$B5)*ISNUMBER(Jeremy!G5)*(ABS(Jeremy!G5-$C5)<VisitHrs/24)+('Test Patient'!B5=$B5)*ISNUMBER('Test Patient'!C5)*(ABS('Test Patient'!C5-$C5)<VisitHrs/24)+('Test Patient'!D5=$B5)*ISNUMBER('Test Patient'!E5)*(ABS('Test Patient'!E5-$C5)<VisitHrs/24)+('Test Patient'!F5=$B5)*ISNUMBER('Test Patient'!G5)*(ABS('Test Patient'!G5-$C5)<VisitHrs/24))-1)+('Anita Klesch'!$B5=$B5)*($C5<DayEnd)*($C5+VisitHrs/24>DayStart)+('Anita Klesch'!$C5=$B5)*((($C5+VisitHrs/24>DayEnd)+($C5<DayStart))>0)+('Test Patient 2'!$B5=$B5)*($C5<DayEnd)*($C5+VisitHrs/24>DayStart)+('Test Patient 2'!$C5=$B5)*((($C5+VisitHrs/24>DayEnd)+($C5<DayStart))>0)>=1,1,0),0) -> 0 | K5: =IF(AND($H5=1,$D5<>"",ISNUMBER($E5)),IF(((('Lucy Levene'!B5=$D5)*ISNUMBER('Lucy Levene'!C5)*(ABS('Lucy Levene'!C5-$E5)<VisitHrs/24)+('Lucy Levene'!D5=$D5)*ISNUMBER('Lucy Levene'!E5)*(ABS('Lucy Levene'!E5-$E5)<VisitHrs/24)+('Lucy Levene'!F5=$D5)*ISNUMBER('Lucy Levene'!G5)*(ABS('Lucy Levene'!G5-$E5)<VisitHrs/24)+('Tom Bock'!B5=$D5)*ISNUMBER('Tom Bock'!C5)*(ABS('Tom Bock'!C5-$E5)<VisitHrs/24)+('Tom Bock'!D5=$D5)*ISNUMBER('Tom Bock'!E5)*(ABS('Tom Bock'!E5-$E5)<VisitHrs/24)+('Tom Bock'!F5=$D5)*ISNUMBER('Tom Bock'!G5)*(ABS('Tom Bock'!G5-$E5)<VisitHrs/24)+(Jeremy!B5=$D5)*ISNUMBER(Jeremy!C5)*(ABS(Jeremy!C5-$E5)<VisitHrs/24)+(Jeremy!D5=$D5)*ISNUMBER(Jeremy!E5)*(ABS(Jeremy!E5-$E5)<VisitHrs/24)+(Jeremy!F5=$D5)*ISNUMBER(Jeremy!G5)*(ABS(Jeremy!G5-$E5)<VisitHrs/24)+('Test Patient'!B5=$D5)*ISNUMBER('Test Patient'!C5)*(ABS('Test Patient'!C5-$E5)<VisitHrs/24)+('Test Patient'!D5=$D5)*ISNUMBER('Test Patient'!E5)*(ABS('Test Patient'!E5-$E5)<VisitHrs/24)+('Test Patient'!F5=$D5)*ISNUMBER('Test Patient'!G5)*(ABS('Test Patient'!G5-$E5)<VisitHrs/24))-1)+('Anita Klesch'!$B5=$D5)*($E5<DayEnd)*($E5+VisitHrs/24>DayStart)+('Anita Klesch'!$C5=$D5)*((($E5+VisitHrs/24>DayEnd)+($E5<DayStart))>0)+('Test Patient 2'!$B5=$D5)*($E5<DayEnd)*($E5+VisitHrs/24>DayStart)+('Test Patient 2'!$C5=$D5)*((($E5+VisitHrs/24>DayEnd)+($E5<DayStart))>0)>=1,1,0),0) -> 0 | L5: =IF(AND($H5=1,$F5<>"",ISNUMBER($G5)),IF(((('Lucy Levene'!B5=$F5)*ISNUMBER('Lucy Levene'!C5)*(ABS('Lucy Levene'!C5-$G5)<VisitHrs/24)+('Lucy Levene'!D5=$F5)*ISNUMBER('Lucy Levene'!E5)*(ABS('Lucy Levene'!E5-$G5)<VisitHrs/24)+('Lucy Levene'!F5=$F5)*ISNUMBER('Lucy Levene'!G5)*(ABS('Lucy Levene'!G5-$G5)<VisitHrs/24)+('Tom Bock'!B5=$F5)*ISNUMBER('Tom Bock'!C5)*(ABS('Tom Bock'!C5-$G5)<VisitHrs/24)+('Tom Bock'!D5=$F5)*ISNUMBER('Tom Bock'!E5)*(ABS('Tom Bock'!E5-$G5)<VisitHrs/24)+('Tom Bock'!F5=$F5)*ISNUMBER('Tom Bock'!G5)*(ABS('Tom Bock'!G5-$G5)<VisitHrs/24)+(Jeremy!B5=$F5)*ISNUMBER(Jeremy!C5)*(ABS(Jeremy!C5-$G5)<VisitHrs/24)+(Jeremy!D5=$F5)*ISNUMBER(Jeremy!E5)*(ABS(Jeremy!E5-$G5)<VisitHrs/24)+(Jeremy!F5=$F5)*ISNUMBER(Jeremy!G5)*(ABS(Jeremy!G5-$G5)<VisitHrs/24)+('Test Patient'!B5=$F5)*ISNUMBER('Test Patient'!C5)*(ABS('Test Patient'!C5-$G5)<VisitHrs/24)+('Test Patient'!D5=$F5)*ISNUMBER('Test Patient'!E5)*(ABS('Test Patient'!E5-$G5)<VisitHrs/24)+('Test Patient'!F5=$F5)*ISNUMBER('Test Patient'!G5)*(ABS('Test Patient'!G5-$G5)<VisitHrs/24))-1)+('Anita Klesch'!$B5=$F5)*($G5<DayEnd)*($G5+VisitHrs/24>DayStart)+('Anita Klesch'!$C5=$F5)*((($G5+VisitHrs/24>DayEnd)+($G5<DayStart))>0)+('Test Patient 2'!$B5=$F5)*($G5<DayEnd)*($G5+VisitHrs/24>DayStart)+('Test Patient 2'!$C5=$F5)*((($G5+VisitHrs/24>DayEnd)+($G5<DayStart))>0)>=1,1,0),0) -> 0 | M5: =IF($H5=1,$B5,"") -> 0 | N5: =IF($H5=1,$D5,"") -> 0 | O5: =IF($H5=1,$F5,"") -> 0
A6: =A5+1 -> 46212 | D6: Roderick | E6: 0.85416667 | H6: =IF($A6="",0,IF(AND(OR(NOT(ISNUMBER(LL_Start)),LL_Start=0,$A6>=LL_Start),OR(NOT(ISNUMBER(LL_End)),LL_End=0,$A6<=LL_End)),1,0)) -> 1 | I6: =IF($H6=1,($B6<>"")+($D6<>"")+($F6<>""),0) -> 1 | J6: =IF(AND($H6=1,$B6<>"",ISNUMBER($C6)),IF(((('Lucy Levene'!B6=$B6)*ISNUMBER('Lucy Levene'!C6)*(ABS('Lucy Levene'!C6-$C6)<VisitHrs/24)+('Lucy Levene'!D6=$B6)*ISNUMBER('Lucy Levene'!E6)*(ABS('Lucy Levene'!E6-$C6)<VisitHrs/24)+('Lucy Levene'!F6=$B6)*ISNUMBER('Lucy Levene'!G6)*(ABS('Lucy Levene'!G6-$C6)<VisitHrs/24)+('Tom Bock'!B6=$B6)*ISNUMBER('Tom Bock'!C6)*(ABS('Tom Bock'!C6-$C6)<VisitHrs/24)+('Tom Bock'!D6=$B6)*ISNUMBER('Tom Bock'!E6)*(ABS('Tom Bock'!E6-$C6)<VisitHrs/24)+('Tom Bock'!F6=$B6)*ISNUMBER('Tom Bock'!G6)*(ABS('Tom Bock'!G6-$C6)<VisitHrs/24)+(Jeremy!B6=$B6)*ISNUMBER(Jeremy!C6)*(ABS(Jeremy!C6-$C6)<VisitHrs/24)+(Jeremy!D6=$B6)*ISNUMBER(Jeremy!E6)*(ABS(Jeremy!E6-$C6)<VisitHrs/24)+(Jeremy!F6=$B6)*ISNUMBER(Jeremy!G6)*(ABS(Jeremy!G6-$C6)<VisitHrs/24)+('Test Patient'!B6=$B6)*ISNUMBER('Test Patient'!C6)*(ABS('Test Patient'!C6-$C6)<VisitHrs/24)+('Test Patient'!D6=$B6)*ISNUMBER('Test Patient'!E6)*(ABS('Test Patient'!E6-$C6)<VisitHrs/24)+('Test Patient'!F6=$B6)*ISNUMBER('Test Patient'!G6)*(ABS('Test Patient'!G6-$C6)<VisitHrs/24))-1)+('Anita Klesch'!$B6=$B6)*($C6<DayEnd)*($C6+VisitHrs/24>DayStart)+('Anita Klesch'!$C6=$B6)*((($C6+VisitHrs/24>DayEnd)+($C6<DayStart))>0)+('Test Patient 2'!$B6=$B6)*($C6<DayEnd)*($C6+VisitHrs/24>DayStart)+('Test Patient 2'!$C6=$B6)*((($C6+VisitHrs/24>DayEnd)+($C6<DayStart))>0)>=1,1,0),0) -> 0 | K6: =IF(AND($H6=1,$D6<>"",ISNUMBER($E6)),IF(((('Lucy Levene'!B6=$D6)*ISNUMBER('Lucy Levene'!C6)*(ABS('Lucy Levene'!C6-$E6)<VisitHrs/24)+('Lucy Levene'!D6=$D6)*ISNUMBER('Lucy Levene'!E6)*(ABS('Lucy Levene'!E6-$E6)<VisitHrs/24)+('Lucy Levene'!F6=$D6)*ISNUMBER('Lucy Levene'!G6)*(ABS('Lucy Levene'!G6-$E6)<VisitHrs/24)+('Tom Bock'!B6=$D6)*ISNUMBER('Tom Bock'!C6)*(ABS('Tom Bock'!C6-$E6)<VisitHrs/24)+('Tom Bock'!D6=$D6)*ISNUMBER('Tom Bock'!E6)*(ABS('Tom Bock'!E6-$E6)<VisitHrs/24)+('Tom Bock'!F6=$D6)*ISNUMBER('Tom Bock'!G6)*(ABS('Tom Bock'!G6-$E6)<VisitHrs/24)+(Jeremy!B6=$D6)*ISNUMBER(Jeremy!C6)*(ABS(Jeremy!C6-$E6)<VisitHrs/24)+(Jeremy!D6=$D6)*ISNUMBER(Jeremy!E6)*(ABS(Jeremy!E6-$E6)<VisitHrs/24)+(Jeremy!F6=$D6)*ISNUMBER(Jeremy!G6)*(ABS(Jeremy!G6-$E6)<VisitHrs/24)+('Test Patient'!B6=$D6)*ISNUMBER('Test Patient'!C6)*(ABS('Test Patient'!C6-$E6)<VisitHrs/24)+('Test Patient'!D6=$D6)*ISNUMBER('Test Patient'!E6)*(ABS('Test Patient'!E6-$E6)<VisitHrs/24)+('Test Patient'!F6=$D6)*ISNUMBER('Test Patient'!G6)*(ABS('Test Patient'!G6-$E6)<VisitHrs/24))-1)+('Anita Klesch'!$B6=$D6)*($E6<DayEnd)*($E6+VisitHrs/24>DayStart)+('Anita Klesch'!$C6=$D6)*((($E6+VisitHrs/24>DayEnd)+($E6<DayStart))>0)+('Test Patient 2'!$B6=$D6)*($E6<DayEnd)*($E6+VisitHrs/24>DayStart)+('Test Patient 2'!$C6=$D6)*((($E6+VisitHrs/24>DayEnd)+($E6<DayStart))>0)>=1,1,0),0) -> 0 | L6: =IF(AND($H6=1,$F6<>"",ISNUMBER($G6)),IF(((('Lucy Levene'!B6=$F6)*ISNUMBER('Lucy Levene'!C6)*(ABS('Lucy Levene'!C6-$G6)<VisitHrs/24)+('Lucy Levene'!D6=$F6)*ISNUMBER('Lucy Levene'!E6)*(ABS('Lucy Levene'!E6-$G6)<VisitHrs/24)+('Lucy Levene'!F6=$F6)*ISNUMBER('Lucy Levene'!G6)*(ABS('Lucy Levene'!G6-$G6)<VisitHrs/24)+('Tom Bock'!B6=$F6)*ISNUMBER('Tom Bock'!C6)*(ABS('Tom Bock'!C6-$G6)<VisitHrs/24)+('Tom Bock'!D6=$F6)*ISNUMBER('Tom Bock'!E6)*(ABS('Tom Bock'!E6-$G6)<VisitHrs/24)+('Tom Bock'!F6=$F6)*ISNUMBER('Tom Bock'!G6)*(ABS('Tom Bock'!G6-$G6)<VisitHrs/24)+(Jeremy!B6=$F6)*ISNUMBER(Jeremy!C6)*(ABS(Jeremy!C6-$G6)<VisitHrs/24)+(Jeremy!D6=$F6)*ISNUMBER(Jeremy!E6)*(ABS(Jeremy!E6-$G6)<VisitHrs/24)+(Jeremy!F6=$F6)*ISNUMBER(Jeremy!G6)*(ABS(Jeremy!G6-$G6)<VisitHrs/24)+('Test Patient'!B6=$F6)*ISNUMBER('Test Patient'!C6)*(ABS('Test Patient'!C6-$G6)<VisitHrs/24)+('Test Patient'!D6=$F6)*ISNUMBER('Test Patient'!E6)*(ABS('Test Patient'!E6-$G6)<VisitHrs/24)+('Test Patient'!F6=$F6)*ISNUMBER('Test Patient'!G6)*(ABS('Test Patient'!G6-$G6)<VisitHrs/24))-1)+('Anita Klesch'!$B6=$F6)*($G6<DayEnd)*($G6+VisitHrs/24>DayStart)+('Anita Klesch'!$C6=$F6)*((($G6+VisitHrs/24>DayEnd)+($G6<DayStart))>0)+('Test Patient 2'!$B6=$F6)*($G6<DayEnd)*($G6+VisitHrs/24>DayStart)+('Test Patient 2'!$C6=$F6)*((($G6+VisitHrs/24>DayEnd)+($G6<DayStart))>0)>=1,1,0),0) -> 0 | M6: =IF($H6=1,$B6,"") -> 0 | N6: =IF($H6=1,$D6,"") -> Roderick | O6: =IF($H6=1,$F6,"") -> 0
A7: =A6+1 -> 46213 | B7: Billie | C7: 0.35416667 | D7: Billie | H7: =IF($A7="",0,IF(AND(OR(NOT(ISNUMBER(LL_Start)),LL_Start=0,$A7>=LL_Start),OR(NOT(ISNUMBER(LL_End)),LL_End=0,$A7<=LL_End)),1,0)) -> 1 | I7: =IF($H7=1,($B7<>"")+($D7<>"")+($F7<>""),0) -> 2 | J7: =IF(AND($H7=1,$B7<>"",ISNUMBER($C7)),IF(((('Lucy Levene'!B7=$B7)*ISNUMBER('Lucy Levene'!C7)*(ABS('Lucy Levene'!C7-$C7)<VisitHrs/24)+('Lucy Levene'!D7=$B7)*ISNUMBER('Lucy Levene'!E7)*(ABS('Lucy Levene'!E7-$C7)<VisitHrs/24)+('Lucy Levene'!F7=$B7)*ISNUMBER('Lucy Levene'!G7)*(ABS('Lucy Levene'!G7-$C7)<VisitHrs/24)+('Tom Bock'!B7=$B7)*ISNUMBER('Tom Bock'!C7)*(ABS('Tom Bock'!C7-$C7)<VisitHrs/24)+('Tom Bock'!D7=$B7)*ISNUMBER('Tom Bock'!E7)*(ABS('Tom Bock'!E7-$C7)<VisitHrs/24)+('Tom Bock'!F7=$B7)*ISNUMBER('Tom Bock'!G7)*(ABS('Tom Bock'!G7-$C7)<VisitHrs/24)+(Jeremy!B7=$B7)*ISNUMBER(Jeremy!C7)*(ABS(Jeremy!C7-$C7)<VisitHrs/24)+(Jeremy!D7=$B7)*ISNUMBER(Jeremy!E7)*(ABS(Jeremy!E7-$C7)<VisitHrs/24)+(Jeremy!F7=$B7)*ISNUMBER(Jeremy!G7)*(ABS(Jeremy!G7-$C7)<VisitHrs/24)+('Test Patient'!B7=$B7)*ISNUMBER('Test Patient'!C7)*(ABS('Test Patient'!C7-$C7)<VisitHrs/24)+('Test Patient'!D7=$B7)*ISNUMBER('Test Patient'!E7)*(ABS('Test Patient'!E7-$C7)<VisitHrs/24)+('Test Patient'!F7=$B7)*ISNUMBER('Test Patient'!G7)*(ABS('Test Patient'!G7-$C7)<VisitHrs/24))-1)+('Anita Klesch'!$B7=$B7)*($C7<DayEnd)*($C7+VisitHrs/24>DayStart)+('Anita Klesch'!$C7=$B7)*((($C7+VisitHrs/24>DayEnd)+($C7<DayStart))>0)+('Test Patient 2'!$B7=$B7)*($C7<DayEnd)*($C7+VisitHrs/24>DayStart)+('Test Patient 2'!$C7=$B7)*((($C7+VisitHrs/24>DayEnd)+($C7<DayStart))>0)>=1,1,0),0) -> 0 | K7: =IF(AND($H7=1,$D7<>"",ISNUMBER($E7)),IF(((('Lucy Levene'!B7=$D7)*ISNUMBER('Lucy Levene'!C7)*(ABS('Lucy Levene'!C7-$E7)<VisitHrs/24)+('Lucy Levene'!D7=$D7)*ISNUMBER('Lucy Levene'!E7)*(ABS('Lucy Levene'!E7-$E7)<VisitHrs/24)+('Lucy Levene'!F7=$D7)*ISNUMBER('Lucy Levene'!G7)*(ABS('Lucy Levene'!G7-$E7)<VisitHrs/24)+('Tom Bock'!B7=$D7)*ISNUMBER('Tom Bock'!C7)*(ABS('Tom Bock'!C7-$E7)<VisitHrs/24)+('Tom Bock'!D7=$D7)*ISNUMBER('Tom Bock'!E7)*(ABS('Tom Bock'!E7-$E7)<VisitHrs/24)+('Tom Bock'!F7=$D7)*ISNUMBER('Tom Bock'!G7)*(ABS('Tom Bock'!G7-$E7)<VisitHrs/24)+(Jeremy!B7=$D7)*ISNUMBER(Jeremy!C7)*(ABS(Jeremy!C7-$E7)<VisitHrs/24)+(Jeremy!D7=$D7)*ISNUMBER(Jeremy!E7)*(ABS(Jeremy!E7-$E7)<VisitHrs/24)+(Jeremy!F7=$D7)*ISNUMBER(Jeremy!G7)*(ABS(Jeremy!G7-$E7)<VisitHrs/24)+('Test Patient'!B7=$D7)*ISNUMBER('Test Patient'!C7)*(ABS('Test Patient'!C7-$E7)<VisitHrs/24)+('Test Patient'!D7=$D7)*ISNUMBER('Test Patient'!E7)*(ABS('Test Patient'!E7-$E7)<VisitHrs/24)+('Test Patient'!F7=$D7)*ISNUMBER('Test Patient'!G7)*(ABS('Test Patient'!G7-$E7)<VisitHrs/24))-1)+('Anita Klesch'!$B7=$D7)*($E7<DayEnd)*($E7+VisitHrs/24>DayStart)+('Anita Klesch'!$C7=$D7)*((($E7+VisitHrs/24>DayEnd)+($E7<DayStart))>0)+('Test Patient 2'!$B7=$D7)*($E7<DayEnd)*($E7+VisitHrs/24>DayStart)+('Test Patient 2'!$C7=$D7)*((($E7+VisitHrs/24>DayEnd)+($E7<DayStart))>0)>=1,1,0),0) -> 0 | L7: =IF(AND($H7=1,$F7<>"",ISNUMBER($G7)),IF(((('Lucy Levene'!B7=$F7)*ISNUMBER('Lucy Levene'!C7)*(ABS('Lucy Levene'!C7-$G7)<VisitHrs/24)+('Lucy Levene'!D7=$F7)*ISNUMBER('Lucy Levene'!E7)*(ABS('Lucy Levene'!E7-$G7)<VisitHrs/24)+('Lucy Levene'!F7=$F7)*ISNUMBER('Lucy Levene'!G7)*(ABS('Lucy Levene'!G7-$G7)<VisitHrs/24)+('Tom Bock'!B7=$F7)*ISNUMBER('Tom Bock'!C7)*(ABS('Tom Bock'!C7-$G7)<VisitHrs/24)+('Tom Bock'!D7=$F7)*ISNUMBER('Tom Bock'!E7)*(ABS('Tom Bock'!E7-$G7)<VisitHrs/24)+('Tom Bock'!F7=$F7)*ISNUMBER('Tom Bock'!G7)*(ABS('Tom Bock'!G7-$G7)<VisitHrs/24)+(Jeremy!B7=$F7)*ISNUMBER(Jeremy!C7)*(ABS(Jeremy!C7-$G7)<VisitHrs/24)+(Jeremy!D7=$F7)*ISNUMBER(Jeremy!E7)*(ABS(Jeremy!E7-$G7)<VisitHrs/24)+(Jeremy!F7=$F7)*ISNUMBER(Jeremy!G7)*(ABS(Jeremy!G7-$G7)<VisitHrs/24)+('Test Patient'!B7=$F7)*ISNUMBER('Test Patient'!C7)*(ABS('Test Patient'!C7-$G7)<VisitHrs/24)+('Test Patient'!D7=$F7)*ISNUMBER('Test Patient'!E7)*(ABS('Test Patient'!E7-$G7)<VisitHrs/24)+('Test Patient'!F7=$F7)*ISNUMBER('Test Patient'!G7)*(ABS('Test Patient'!G7-$G7)<VisitHrs/24))-1)+('Anita Klesch'!$B7=$F7)*($G7<DayEnd)*($G7+VisitHrs/24>DayStart)+('Anita Klesch'!$C7=$F7)*((($G7+VisitHrs/24>DayEnd)+($G7<DayStart))>0)+('Test Patient 2'!$B7=$F7)*($G7<DayEnd)*($G7+VisitHrs/24>DayStart)+('Test Patient 2'!$C7=$F7)*((($G7+VisitHrs/24>DayEnd)+($G7<DayStart))>0)>=1,1,0),0) -> 0 | M7: =IF($H7=1,$B7,"") -> Billie | N7: =IF($H7=1,$D7,"") -> Billie | O7: =IF($H7=1,$F7,"") -> 0
A8: =A7+1 -> 46214 | B8: Roderick | D8: Roderick | H8: =IF($A8="",0,IF(AND(OR(NOT(ISNUMBER(LL_Start)),LL_Start=0,$A8>=LL_Start),OR(NOT(ISNUMBER(LL_End)),LL_End=0,$A8<=LL_End)),1,0)) -> 1 | I8: =IF($H8=1,($B8<>"")+($D8<>"")+($F8<>""),0) -> 2 | J8: =IF(AND($H8=1,$B8<>"",ISNUMBER($C8)),IF(((('Lucy Levene'!B8=$B8)*ISNUMBER('Lucy Levene'!C8)*(ABS('Lucy Levene'!C8-$C8)<VisitHrs/24)+('Lucy Levene'!D8=$B8)*ISNUMBER('Lucy Levene'!E8)*(ABS('Lucy Levene'!E8-$C8)<VisitHrs/24)+('Lucy Levene'!F8=$B8)*ISNUMBER('Lucy Levene'!G8)*(ABS('Lucy Levene'!G8-$C8)<VisitHrs/24)+('Tom Bock'!B8=$B8)*ISNUMBER('Tom Bock'!C8)*(ABS('Tom Bock'!C8-$C8)<VisitHrs/24)+('Tom Bock'!D8=$B8)*ISNUMBER('Tom Bock'!E8)*(ABS('Tom Bock'!E8-$C8)<VisitHrs/24)+('Tom Bock'!F8=$B8)*ISNUMBER('Tom Bock'!G8)*(ABS('Tom Bock'!G8-$C8)<VisitHrs/24)+(Jeremy!B8=$B8)*ISNUMBER(Jeremy!C8)*(ABS(Jeremy!C8-$C8)<VisitHrs/24)+(Jeremy!D8=$B8)*ISNUMBER(Jeremy!E8)*(ABS(Jeremy!E8-$C8)<VisitHrs/24)+(Jeremy!F8=$B8)*ISNUMBER(Jeremy!G8)*(ABS(Jeremy!G8-$C8)<VisitHrs/24)+('Test Patient'!B8=$B8)*ISNUMBER('Test Patient'!C8)*(ABS('Test Patient'!C8-$C8)<VisitHrs/24)+('Test Patient'!D8=$B8)*ISNUMBER('Test Patient'!E8)*(ABS('Test Patient'!E8-$C8)<VisitHrs/24)+('Test Patient'!F8=$B8)*ISNUMBER('Test Patient'!G8)*(ABS('Test Patient'!G8-$C8)<VisitHrs/24))-1)+('Anita Klesch'!$B8=$B8)*($C8<DayEnd)*($C8+VisitHrs/24>DayStart)+('Anita Klesch'!$C8=$B8)*((($C8+VisitHrs/24>DayEnd)+($C8<DayStart))>0)+('Test Patient 2'!$B8=$B8)*($C8<DayEnd)*($C8+VisitHrs/24>DayStart)+('Test Patient 2'!$C8=$B8)*((($C8+VisitHrs/24>DayEnd)+($C8<DayStart))>0)>=1,1,0),0) -> 0 | K8: =IF(AND($H8=1,$D8<>"",ISNUMBER($E8)),IF(((('Lucy Levene'!B8=$D8)*ISNUMBER('Lucy Levene'!C8)*(ABS('Lucy Levene'!C8-$E8)<VisitHrs/24)+('Lucy Levene'!D8=$D8)*ISNUMBER('Lucy Levene'!E8)*(ABS('Lucy Levene'!E8-$E8)<VisitHrs/24)+('Lucy Levene'!F8=$D8)*ISNUMBER('Lucy Levene'!G8)*(ABS('Lucy Levene'!G8-$E8)<VisitHrs/24)+('Tom Bock'!B8=$D8)*ISNUMBER('Tom Bock'!C8)*(ABS('Tom Bock'!C8-$E8)<VisitHrs/24)+('Tom Bock'!D8=$D8)*ISNUMBER('Tom Bock'!E8)*(ABS('Tom Bock'!E8-$E8)<VisitHrs/24)+('Tom Bock'!F8=$D8)*ISNUMBER('Tom Bock'!G8)*(ABS('Tom Bock'!G8-$E8)<VisitHrs/24)+(Jeremy!B8=$D8)*ISNUMBER(Jeremy!C8)*(ABS(Jeremy!C8-$E8)<VisitHrs/24)+(Jeremy!D8=$D8)*ISNUMBER(Jeremy!E8)*(ABS(Jeremy!E8-$E8)<VisitHrs/24)+(Jeremy!F8=$D8)*ISNUMBER(Jeremy!G8)*(ABS(Jeremy!G8-$E8)<VisitHrs/24)+('Test Patient'!B8=$D8)*ISNUMBER('Test Patient'!C8)*(ABS('Test Patient'!C8-$E8)<VisitHrs/24)+('Test Patient'!D8=$D8)*ISNUMBER('Test Patient'!E8)*(ABS('Test Patient'!E8-$E8)<VisitHrs/24)+('Test Patient'!F8=$D8)*ISNUMBER('Test Patient'!G8)*(ABS('Test Patient'!G8-$E8)<VisitHrs/24))-1)+('Anita Klesch'!$B8=$D8)*($E8<DayEnd)*($E8+VisitHrs/24>DayStart)+('Anita Klesch'!$C8=$D8)*((($E8+VisitHrs/24>DayEnd)+($E8<DayStart))>0)+('Test Patient 2'!$B8=$D8)*($E8<DayEnd)*($E8+VisitHrs/24>DayStart)+('Test Patient 2'!$C8=$D8)*((($E8+VisitHrs/24>DayEnd)+($E8<DayStart))>0)>=1,1,0),0) -> 0 | L8: =IF(AND($H8=1,$F8<>"",ISNUMBER($G8)),IF(((('Lucy Levene'!B8=$F8)*ISNUMBER('Lucy Levene'!C8)*(ABS('Lucy Levene'!C8-$G8)<VisitHrs/24)+('Lucy Levene'!D8=$F8)*ISNUMBER('Lucy Levene'!E8)*(ABS('Lucy Levene'!E8-$G8)<VisitHrs/24)+('Lucy Levene'!F8=$F8)*ISNUMBER('Lucy Levene'!G8)*(ABS('Lucy Levene'!G8-$G8)<VisitHrs/24)+('Tom Bock'!B8=$F8)*ISNUMBER('Tom Bock'!C8)*(ABS('Tom Bock'!C8-$G8)<VisitHrs/24)+('Tom Bock'!D8=$F8)*ISNUMBER('Tom Bock'!E8)*(ABS('Tom Bock'!E8-$G8)<VisitHrs/24)+('Tom Bock'!F8=$F8)*ISNUMBER('Tom Bock'!G8)*(ABS('Tom Bock'!G8-$G8)<VisitHrs/24)+(Jeremy!B8=$F8)*ISNUMBER(Jeremy!C8)*(ABS(Jeremy!C8-$G8)<VisitHrs/24)+(Jeremy!D8=$F8)*ISNUMBER(Jeremy!E8)*(ABS(Jeremy!E8-$G8)<VisitHrs/24)+(Jeremy!F8=$F8)*ISNUMBER(Jeremy!G8)*(ABS(Jeremy!G8-$G8)<VisitHrs/24)+('Test Patient'!B8=$F8)*ISNUMBER('Test Patient'!C8)*(ABS('Test Patient'!C8-$G8)<VisitHrs/24)+('Test Patient'!D8=$F8)*ISNUMBER('Test Patient'!E8)*(ABS('Test Patient'!E8-$G8)<VisitHrs/24)+('Test Patient'!F8=$F8)*ISNUMBER('Test Patient'!G8)*(ABS('Test Patient'!G8-$G8)<VisitHrs/24))-1)+('Anita Klesch'!$B8=$F8)*($G8<DayEnd)*($G8+VisitHrs/24>DayStart)+('Anita Klesch'!$C8=$F8)*((($G8+VisitHrs/24>DayEnd)+($G8<DayStart))>0)+('Test Patient 2'!$B8=$F8)*($G8<DayEnd)*($G8+VisitHrs/24>DayStart)+('Test Patient 2'!$C8=$F8)*((($G8+VisitHrs/24>DayEnd)+($G8<DayStart))>0)>=1,1,0),0) -> 0 | M8: =IF($H8=1,$B8,"") -> Roderick | N8: =IF($H8=1,$D8,"") -> Roderick | O8: =IF($H8=1,$F8,"") -> 0
A9: =A8+1 -> 46215 | B9: Roderick | D9: Roderick | H9: =IF($A9="",0,IF(AND(OR(NOT(ISNUMBER(LL_Start)),LL_Start=0,$A9>=LL_Start),OR(NOT(ISNUMBER(LL_End)),LL_End=0,$A9<=LL_End)),1,0)) -> 1 | I9: =IF($H9=1,($B9<>"")+($D9<>"")+($F9<>""),0) -> 2 | J9: =IF(AND($H9=1,$B9<>"",ISNUMBER($C9)),IF(((('Lucy Levene'!B9=$B9)*ISNUMBER('Lucy Levene'!C9)*(ABS('Lucy Levene'!C9-$C9)<VisitHrs/24)+('Lucy Levene'!D9=$B9)*ISNUMBER('Lucy Levene'!E9)*(ABS('Lucy Levene'!E9-$C9)<VisitHrs/24)+('Lucy Levene'!F9=$B9)*ISNUMBER('Lucy Levene'!G9)*(ABS('Lucy Levene'!G9-$C9)<VisitHrs/24)+('Tom Bock'!B9=$B9)*ISNUMBER('Tom Bock'!C9)*(ABS('Tom Bock'!C9-$C9)<VisitHrs/24)+('Tom Bock'!D9=$B9)*ISNUMBER('Tom Bock'!E9)*(ABS('Tom Bock'!E9-$C9)<VisitHrs/24)+('Tom Bock'!F9=$B9)*ISNUMBER('Tom Bock'!G9)*(ABS('Tom Bock'!G9-$C9)<VisitHrs/24)+(Jeremy!B9=$B9)*ISNUMBER(Jeremy!C9)*(ABS(Jeremy!C9-$C9)<VisitHrs/24)+(Jeremy!D9=$B9)*ISNUMBER(Jeremy!E9)*(ABS(Jeremy!E9-$C9)<VisitHrs/24)+(Jeremy!F9=$B9)*ISNUMBER(Jeremy!G9)*(ABS(Jeremy!G9-$C9)<VisitHrs/24)+('Test Patient'!B9=$B9)*ISNUMBER('Test Patient'!C9)*(ABS('Test Patient'!C9-$C9)<VisitHrs/24)+('Test Patient'!D9=$B9)*ISNUMBER('Test Patient'!E9)*(ABS('Test Patient'!E9-$C9)<VisitHrs/24)+('Test Patient'!F9=$B9)*ISNUMBER('Test Patient'!G9)*(ABS('Test Patient'!G9-$C9)<VisitHrs/24))-1)+('Anita Klesch'!$B9=$B9)*($C9<DayEnd)*($C9+VisitHrs/24>DayStart)+('Anita Klesch'!$C9=$B9)*((($C9+VisitHrs/24>DayEnd)+($C9<DayStart))>0)+('Test Patient 2'!$B9=$B9)*($C9<DayEnd)*($C9+VisitHrs/24>DayStart)+('Test Patient 2'!$C9=$B9)*((($C9+VisitHrs/24>DayEnd)+($C9<DayStart))>0)>=1,1,0),0) -> 0 | K9: =IF(AND($H9=1,$D9<>"",ISNUMBER($E9)),IF(((('Lucy Levene'!B9=$D9)*ISNUMBER('Lucy Levene'!C9)*(ABS('Lucy Levene'!C9-$E9)<VisitHrs/24)+('Lucy Levene'!D9=$D9)*ISNUMBER('Lucy Levene'!E9)*(ABS('Lucy Levene'!E9-$E9)<VisitHrs/24)+('Lucy Levene'!F9=$D9)*ISNUMBER('Lucy Levene'!G9)*(ABS('Lucy Levene'!G9-$E9)<VisitHrs/24)+('Tom Bock'!B9=$D9)*ISNUMBER('Tom Bock'!C9)*(ABS('Tom Bock'!C9-$E9)<VisitHrs/24)+('Tom Bock'!D9=$D9)*ISNUMBER('Tom Bock'!E9)*(ABS('Tom Bock'!E9-$E9)<VisitHrs/24)+('Tom Bock'!F9=$D9)*ISNUMBER('Tom Bock'!G9)*(ABS('Tom Bock'!G9-$E9)<VisitHrs/24)+(Jeremy!B9=$D9)*ISNUMBER(Jeremy!C9)*(ABS(Jeremy!C9-$E9)<VisitHrs/24)+(Jeremy!D9=$D9)*ISNUMBER(Jeremy!E9)*(ABS(Jeremy!E9-$E9)<VisitHrs/24)+(Jeremy!F9=$D9)*ISNUMBER(Jeremy!G9)*(ABS(Jeremy!G9-$E9)<VisitHrs/24)+('Test Patient'!B9=$D9)*ISNUMBER('Test Patient'!C9)*(ABS('Test Patient'!C9-$E9)<VisitHrs/24)+('Test Patient'!D9=$D9)*ISNUMBER('Test Patient'!E9)*(ABS('Test Patient'!E9-$E9)<VisitHrs/24)+('Test Patient'!F9=$D9)*ISNUMBER('Test Patient'!G9)*(ABS('Test Patient'!G9-$E9)<VisitHrs/24))-1)+('Anita Klesch'!$B9=$D9)*($E9<DayEnd)*($E9+VisitHrs/24>DayStart)+('Anita Klesch'!$C9=$D9)*((($E9+VisitHrs/24>DayEnd)+($E9<DayStart))>0)+('Test Patient 2'!$B9=$D9)*($E9<DayEnd)*($E9+VisitHrs/24>DayStart)+('Test Patient 2'!$C9=$D9)*((($E9+VisitHrs/24>DayEnd)+($E9<DayStart))>0)>=1,1,0),0) -> 0 | L9: =IF(AND($H9=1,$F9<>"",ISNUMBER($G9)),IF(((('Lucy Levene'!B9=$F9)*ISNUMBER('Lucy Levene'!C9)*(ABS('Lucy Levene'!C9-$G9)<VisitHrs/24)+('Lucy Levene'!D9=$F9)*ISNUMBER('Lucy Levene'!E9)*(ABS('Lucy Levene'!E9-$G9)<VisitHrs/24)+('Lucy Levene'!F9=$F9)*ISNUMBER('Lucy Levene'!G9)*(ABS('Lucy Levene'!G9-$G9)<VisitHrs/24)+('Tom Bock'!B9=$F9)*ISNUMBER('Tom Bock'!C9)*(ABS('Tom Bock'!C9-$G9)<VisitHrs/24)+('Tom Bock'!D9=$F9)*ISNUMBER('Tom Bock'!E9)*(ABS('Tom Bock'!E9-$G9)<VisitHrs/24)+('Tom Bock'!F9=$F9)*ISNUMBER('Tom Bock'!G9)*(ABS('Tom Bock'!G9-$G9)<VisitHrs/24)+(Jeremy!B9=$F9)*ISNUMBER(Jeremy!C9)*(ABS(Jeremy!C9-$G9)<VisitHrs/24)+(Jeremy!D9=$F9)*ISNUMBER(Jeremy!E9)*(ABS(Jeremy!E9-$G9)<VisitHrs/24)+(Jeremy!F9=$F9)*ISNUMBER(Jeremy!G9)*(ABS(Jeremy!G9-$G9)<VisitHrs/24)+('Test Patient'!B9=$F9)*ISNUMBER('Test Patient'!C9)*(ABS('Test Patient'!C9-$G9)<VisitHrs/24)+('Test Patient'!D9=$F9)*ISNUMBER('Test Patient'!E9)*(ABS('Test Patient'!E9-$G9)<VisitHrs/24)+('Test Patient'!F9=$F9)*ISNUMBER('Test Patient'!G9)*(ABS('Test Patient'!G9-$G9)<VisitHrs/24))-1)+('Anita Klesch'!$B9=$F9)*($G9<DayEnd)*($G9+VisitHrs/24>DayStart)+('Anita Klesch'!$C9=$F9)*((($G9+VisitHrs/24>DayEnd)+($G9<DayStart))>0)+('Test Patient 2'!$B9=$F9)*($G9<DayEnd)*($G9+VisitHrs/24>DayStart)+('Test Patient 2'!$C9=$F9)*((($G9+VisitHrs/24>DayEnd)+($G9<DayStart))>0)>=1,1,0),0) -> 0 | M9: =IF($H9=1,$B9,"") -> Roderick | N9: =IF($H9=1,$D9,"") -> Roderick | O9: =IF($H9=1,$F9,"") -> 0
A10: =A9+1 -> 46216 | B10: Billie | D10: Roderick | H10: =IF($A10="",0,IF(AND(OR(NOT(ISNUMBER(LL_Start)),LL_Start=0,$A10>=LL_Start),OR(NOT(ISNUMBER(LL_End)),LL_End=0,$A10<=LL_End)),1,0)) -> 1 | I10: =IF($H10=1,($B10<>"")+($D10<>"")+($F10<>""),0) -> 2 | J10: =IF(AND($H10=1,$B10<>"",ISNUMBER($C10)),IF(((('Lucy Levene'!B10=$B10)*ISNUMBER('Lucy Levene'!C10)*(ABS('Lucy Levene'!C10-$C10)<VisitHrs/24)+('Lucy Levene'!D10=$B10)*ISNUMBER('Lucy Levene'!E10)*(ABS('Lucy Levene'!E10-$C10)<VisitHrs/24)+('Lucy Levene'!F10=$B10)*ISNUMBER('Lucy Levene'!G10)*(ABS('Lucy Levene'!G10-$C10)<VisitHrs/24)+('Tom Bock'!B10=$B10)*ISNUMBER('Tom Bock'!C10)*(ABS('Tom Bock'!C10-$C10)<VisitHrs/24)+('Tom Bock'!D10=$B10)*ISNUMBER('Tom Bock'!E10)*(ABS('Tom Bock'!E10-$C10)<VisitHrs/24)+('Tom Bock'!F10=$B10)*ISNUMBER('Tom Bock'!G10)*(ABS('Tom Bock'!G10-$C10)<VisitHrs/24)+(Jeremy!B10=$B10)*ISNUMBER(Jeremy!C10)*(ABS(Jeremy!C10-$C10)<VisitHrs/24)+(Jeremy!D10=$B10)*ISNUMBER(Jeremy!E10)*(ABS(Jeremy!E10-$C10)<VisitHrs/24)+(Jeremy!F10=$B10)*ISNUMBER(Jeremy!G10)*(ABS(Jeremy!G10-$C10)<VisitHrs/24)+('Test Patient'!B10=$B10)*ISNUMBER('Test Patient'!C10)*(ABS('Test Patient'!C10-$C10)<VisitHrs/24)+('Test Patient'!D10=$B10)*ISNUMBER('Test Patient'!E10)*(ABS('Test Patient'!E10-$C10)<VisitHrs/24)+('Test Patient'!F10=$B10)*ISNUMBER('Test Patient'!G10)*(ABS('Test Patient'!G10-$C10)<VisitHrs/24))-1)+('Anita Klesch'!$B10=$B10)*($C10<DayEnd)*($C10+VisitHrs/24>DayStart)+('Anita Klesch'!$C10=$B10)*((($C10+VisitHrs/24>DayEnd)+($C10<DayStart))>0)+('Test Patient 2'!$B10=$B10)*($C10<DayEnd)*($C10+VisitHrs/24>DayStart)+('Test Patient 2'!$C10=$B10)*((($C10+VisitHrs/24>DayEnd)+($C10<DayStart))>0)>=1,1,0),0) -> 0 | K10: =IF(AND($H10=1,$D10<>"",ISNUMBER($E10)),IF(((('Lucy Levene'!B10=$D10)*ISNUMBER('Lucy Levene'!C10)*(ABS('Lucy Levene'!C10-$E10)<VisitHrs/24)+('Lucy Levene'!D10=$D10)*ISNUMBER('Lucy Levene'!E10)*(ABS('Lucy Levene'!E10-$E10)<VisitHrs/24)+('Lucy Levene'!F10=$D10)*ISNUMBER('Lucy Levene'!G10)*(ABS('Lucy Levene'!G10-$E10)<VisitHrs/24)+('Tom Bock'!B10=$D10)*ISNUMBER('Tom Bock'!C10)*(ABS('Tom Bock'!C10-$E10)<VisitHrs/24)+('Tom Bock'!D10=$D10)*ISNUMBER('Tom Bock'!E10)*(ABS('Tom Bock'!E10-$E10)<VisitHrs/24)+('Tom Bock'!F10=$D10)*ISNUMBER('Tom Bock'!G10)*(ABS('Tom Bock'!G10-$E10)<VisitHrs/24)+(Jeremy!B10=$D10)*ISNUMBER(Jeremy!C10)*(ABS(Jeremy!C10-$E10)<VisitHrs/24)+(Jeremy!D10=$D10)*ISNUMBER(Jeremy!E10)*(ABS(Jeremy!E10-$E10)<VisitHrs/24)+(Jeremy!F10=$D10)*ISNUMBER(Jeremy!G10)*(ABS(Jeremy!G10-$E10)<VisitHrs/24)+('Test Patient'!B10=$D10)*ISNUMBER('Test Patient'!C10)*(ABS('Test Patient'!C10-$E10)<VisitHrs/24)+('Test Patient'!D10=$D10)*ISNUMBER('Test Patient'!E10)*(ABS('Test Patient'!E10-$E10)<VisitHrs/24)+('Test Patient'!F10=$D10)*ISNUMBER('Test Patient'!G10)*(ABS('Test Patient'!G10-$E10)<VisitHrs/24))-1)+('Anita Klesch'!$B10=$D10)*($E10<DayEnd)*($E10+VisitHrs/24>DayStart)+('Anita Klesch'!$C10=$D10)*((($E10+VisitHrs/24>DayEnd)+($E10<DayStart))>0)+('Test Patient 2'!$B10=$D10)*($E10<DayEnd)*($E10+VisitHrs/24>DayStart)+('Test Patient 2'!$C10=$D10)*((($E10+VisitHrs/24>DayEnd)+($E10<DayStart))>0)>=1,1,0),0) -> 0 | L10: =IF(AND($H10=1,$F10<>"",ISNUMBER($G10)),IF(((('Lucy Levene'!B10=$F10)*ISNUMBER('Lucy Levene'!C10)*(ABS('Lucy Levene'!C10-$G10)<VisitHrs/24)+('Lucy Levene'!D10=$F10)*ISNUMBER('Lucy Levene'!E10)*(ABS('Lucy Levene'!E10-$G10)<VisitHrs/24)+('Lucy Levene'!F10=$F10)*ISNUMBER('Lucy Levene'!G10)*(ABS('Lucy Levene'!G10-$G10)<VisitHrs/24)+('Tom Bock'!B10=$F10)*ISNUMBER('Tom Bock'!C10)*(ABS('Tom Bock'!C10-$G10)<VisitHrs/24)+('Tom Bock'!D10=$F10)*ISNUMBER('Tom Bock'!E10)*(ABS('Tom Bock'!E10-$G10)<VisitHrs/24)+('Tom Bock'!F10=$F10)*ISNUMBER('Tom Bock'!G10)*(ABS('Tom Bock'!G10-$G10)<VisitHrs/24)+(Jeremy!B10=$F10)*ISNUMBER(Jeremy!C10)*(ABS(Jeremy!C10-$G10)<VisitHrs/24)+(Jeremy!D10=$F10)*ISNUMBER(Jeremy!E10)*(ABS(Jeremy!E10-$G10)<VisitHrs/24)+(Jeremy!F10=$F10)*ISNUMBER(Jeremy!G10)*(ABS(Jeremy!G10-$G10)<VisitHrs/24)+('Test Patient'!B10=$F10)*ISNUMBER('Test Patient'!C10)*(ABS('Test Patient'!C10-$G10)<VisitHrs/24)+('Test Patient'!D10=$F10)*ISNUMBER('Test Patient'!E10)*(ABS('Test Patient'!E10-$G10)<VisitHrs/24)+('Test Patient'!F10=$F10)*ISNUMBER('Test Patient'!G10)*(ABS('Test Patient'!G10-$G10)<VisitHrs/24))-1)+('Anita Klesch'!$B10=$F10)*($G10<DayEnd)*($G10+VisitHrs/24>DayStart)+('Anita Klesch'!$C10=$F10)*((($G10+VisitHrs/24>DayEnd)+($G10<DayStart))>0)+('Test Patient 2'!$B10=$F10)*($G10<DayEnd)*($G10+VisitHrs/24>DayStart)+('Test Patient 2'!$C10=$F10)*((($G10+VisitHrs/24>DayEnd)+($G10<DayStart))>0)>=1,1,0),0) -> 0 | M10: =IF($H10=1,$B10,"") -> Billie | N10: =IF($H10=1,$D10,"") -> Roderick | O10: =IF($H10=1,$F10,"") -> 0
A11: =A10+1 -> 46217 | B11: Roderick | D11: Roderick | H11: =IF($A11="",0,IF(AND(OR(NOT(ISNUMBER(LL_Start)),LL_Start=0,$A11>=LL_Start),OR(NOT(ISNUMBER(LL_End)),LL_End=0,$A11<=LL_End)),1,0)) -> 1 | I11: =IF($H11=1,($B11<>"")+($D11<>"")+($F11<>""),0) -> 2 | J11: =IF(AND($H11=1,$B11<>"",ISNUMBER($C11)),IF(((('Lucy Levene'!B11=$B11)*ISNUMBER('Lucy Levene'!C11)*(ABS('Lucy Levene'!C11-$C11)<VisitHrs/24)+('Lucy Levene'!D11=$B11)*ISNUMBER('Lucy Levene'!E11)*(ABS('Lucy Levene'!E11-$C11)<VisitHrs/24)+('Lucy Levene'!F11=$B11)*ISNUMBER('Lucy Levene'!G11)*(ABS('Lucy Levene'!G11-$C11)<VisitHrs/24)+('Tom Bock'!B11=$B11)*ISNUMBER('Tom Bock'!C11)*(ABS('Tom Bock'!C11-$C11)<VisitHrs/24)+('Tom Bock'!D11=$B11)*ISNUMBER('Tom Bock'!E11)*(ABS('Tom Bock'!E11-$C11)<VisitHrs/24)+('Tom Bock'!F11=$B11)*ISNUMBER('Tom Bock'!G11)*(ABS('Tom Bock'!G11-$C11)<VisitHrs/24)+(Jeremy!B11=$B11)*ISNUMBER(Jeremy!C11)*(ABS(Jeremy!C11-$C11)<VisitHrs/24)+(Jeremy!D11=$B11)*ISNUMBER(Jeremy!E11)*(ABS(Jeremy!E11-$C11)<VisitHrs/24)+(Jeremy!F11=$B11)*ISNUMBER(Jeremy!G11)*(ABS(Jeremy!G11-$C11)<VisitHrs/24)+('Test Patient'!B11=$B11)*ISNUMBER('Test Patient'!C11)*(ABS('Test Patient'!C11-$C11)<VisitHrs/24)+('Test Patient'!D11=$B11)*ISNUMBER('Test Patient'!E11)*(ABS('Test Patient'!E11-$C11)<VisitHrs/24)+('Test Patient'!F11=$B11)*ISNUMBER('Test Patient'!G11)*(ABS('Test Patient'!G11-$C11)<VisitHrs/24))-1)+('Anita Klesch'!$B11=$B11)*($C11<DayEnd)*($C11+VisitHrs/24>DayStart)+('Anita Klesch'!$C11=$B11)*((($C11+VisitHrs/24>DayEnd)+($C11<DayStart))>0)+('Test Patient 2'!$B11=$B11)*($C11<DayEnd)*($C11+VisitHrs/24>DayStart)+('Test Patient 2'!$C11=$B11)*((($C11+VisitHrs/24>DayEnd)+($C11<DayStart))>0)>=1,1,0),0) -> 0 | K11: =IF(AND($H11=1,$D11<>"",ISNUMBER($E11)),IF(((('Lucy Levene'!B11=$D11)*ISNUMBER('Lucy Levene'!C11)*(ABS('Lucy Levene'!C11-$E11)<VisitHrs/24)+('Lucy Levene'!D11=$D11)*ISNUMBER('Lucy Levene'!E11)*(ABS('Lucy Levene'!E11-$E11)<VisitHrs/24)+('Lucy Levene'!F11=$D11)*ISNUMBER('Lucy Levene'!G11)*(ABS('Lucy Levene'!G11-$E11)<VisitHrs/24)+('Tom Bock'!B11=$D11)*ISNUMBER('Tom Bock'!C11)*(ABS('Tom Bock'!C11-$E11)<VisitHrs/24)+('Tom Bock'!D11=$D11)*ISNUMBER('Tom Bock'!E11)*(ABS('Tom Bock'!E11-$E11)<VisitHrs/24)+('Tom Bock'!F11=$D11)*ISNUMBER('Tom Bock'!G11)*(ABS('Tom Bock'!G11-$E11)<VisitHrs/24)+(Jeremy!B11=$D11)*ISNUMBER(Jeremy!C11)*(ABS(Jeremy!C11-$E11)<VisitHrs/24)+(Jeremy!D11=$D11)*ISNUMBER(Jeremy!E11)*(ABS(Jeremy!E11-$E11)<VisitHrs/24)+(Jeremy!F11=$D11)*ISNUMBER(Jeremy!G11)*(ABS(Jeremy!G11-$E11)<VisitHrs/24)+('Test Patient'!B11=$D11)*ISNUMBER('Test Patient'!C11)*(ABS('Test Patient'!C11-$E11)<VisitHrs/24)+('Test Patient'!D11=$D11)*ISNUMBER('Test Patient'!E11)*(ABS('Test Patient'!E11-$E11)<VisitHrs/24)+('Test Patient'!F11=$D11)*ISNUMBER('Test Patient'!G11)*(ABS('Test Patient'!G11-$E11)<VisitHrs/24))-1)+('Anita Klesch'!$B11=$D11)*($E11<DayEnd)*($E11+VisitHrs/24>DayStart)+('Anita Klesch'!$C11=$D11)*((($E11+VisitHrs/24>DayEnd)+($E11<DayStart))>0)+('Test Patient 2'!$B11=$D11)*($E11<DayEnd)*($E11+VisitHrs/24>DayStart)+('Test Patient 2'!$C11=$D11)*((($E11+VisitHrs/24>DayEnd)+($E11<DayStart))>0)>=1,1,0),0) -> 0 | L11: =IF(AND($H11=1,$F11<>"",ISNUMBER($G11)),IF(((('Lucy Levene'!B11=$F11)*ISNUMBER('Lucy Levene'!C11)*(ABS('Lucy Levene'!C11-$G11)<VisitHrs/24)+('Lucy Levene'!D11=$F11)*ISNUMBER('Lucy Levene'!E11)*(ABS('Lucy Levene'!E11-$G11)<VisitHrs/24)+('Lucy Levene'!F11=$F11)*ISNUMBER('Lucy Levene'!G11)*(ABS('Lucy Levene'!G11-$G11)<VisitHrs/24)+('Tom Bock'!B11=$F11)*ISNUMBER('Tom Bock'!C11)*(ABS('Tom Bock'!C11-$G11)<VisitHrs/24)+('Tom Bock'!D11=$F11)*ISNUMBER('Tom Bock'!E11)*(ABS('Tom Bock'!E11-$G11)<VisitHrs/24)+('Tom Bock'!F11=$F11)*ISNUMBER('Tom Bock'!G11)*(ABS('Tom Bock'!G11-$G11)<VisitHrs/24)+(Jeremy!B11=$F11)*ISNUMBER(Jeremy!C11)*(ABS(Jeremy!C11-$G11)<VisitHrs/24)+(Jeremy!D11=$F11)*ISNUMBER(Jeremy!E11)*(ABS(Jeremy!E11-$G11)<VisitHrs/24)+(Jeremy!F11=$F11)*ISNUMBER(Jeremy!G11)*(ABS(Jeremy!G11-$G11)<VisitHrs/24)+('Test Patient'!B11=$F11)*ISNUMBER('Test Patient'!C11)*(ABS('Test Patient'!C11-$G11)<VisitHrs/24)+('Test Patient'!D11=$F11)*ISNUMBER('Test Patient'!E11)*(ABS('Test Patient'!E11-$G11)<VisitHrs/24)+('Test Patient'!F11=$F11)*ISNUMBER('Test Patient'!G11)*(ABS('Test Patient'!G11-$G11)<VisitHrs/24))-1)+('Anita Klesch'!$B11=$F11)*($G11<DayEnd)*($G11+VisitHrs/24>DayStart)+('Anita Klesch'!$C11=$F11)*((($G11+VisitHrs/24>DayEnd)+($G11<DayStart))>0)+('Test Patient 2'!$B11=$F11)*($G11<DayEnd)*($G11+VisitHrs/24>DayStart)+('Test Patient 2'!$C11=$F11)*((($G11+VisitHrs/24>DayEnd)+($G11<DayStart))>0)>=1,1,0),0) -> 0 | M11: =IF($H11=1,$B11,"") -> Roderick | N11: =IF($H11=1,$D11,"") -> Roderick | O11: =IF($H11=1,$F11,"") -> 0
A12: =A11+1 -> 46218 | B12: Billie | D12: Roderick | H12: =IF($A12="",0,IF(AND(OR(NOT(ISNUMBER(LL_Start)),LL_Start=0,$A12>=LL_Start),OR(NOT(ISNUMBER(LL_End)),LL_End=0,$A12<=LL_End)),1,0)) -> 1 | I12: =IF($H12=1,($B12<>"")+($D12<>"")+($F12<>""),0) -> 2 | J12: =IF(AND($H12=1,$B12<>"",ISNUMBER($C12)),IF(((('Lucy Levene'!B12=$B12)*ISNUMBER('Lucy Levene'!C12)*(ABS('Lucy Levene'!C12-$C12)<VisitHrs/24)+('Lucy Levene'!D12=$B12)*ISNUMBER('Lucy Levene'!E12)*(ABS('Lucy Levene'!E12-$C12)<VisitHrs/24)+('Lucy Levene'!F12=$B12)*ISNUMBER('Lucy Levene'!G12)*(ABS('Lucy Levene'!G12-$C12)<VisitHrs/24)+('Tom Bock'!B12=$B12)*ISNUMBER('Tom Bock'!C12)*(ABS('Tom Bock'!C12-$C12)<VisitHrs/24)+('Tom Bock'!D12=$B12)*ISNUMBER('Tom Bock'!E12)*(ABS('Tom Bock'!E12-$C12)<VisitHrs/24)+('Tom Bock'!F12=$B12)*ISNUMBER('Tom Bock'!G12)*(ABS('Tom Bock'!G12-$C12)<VisitHrs/24)+(Jeremy!B12=$B12)*ISNUMBER(Jeremy!C12)*(ABS(Jeremy!C12-$C12)<VisitHrs/24)+(Jeremy!D12=$B12)*ISNUMBER(Jeremy!E12)*(ABS(Jeremy!E12-$C12)<VisitHrs/24)+(Jeremy!F12=$B12)*ISNUMBER(Jeremy!G12)*(ABS(Jeremy!G12-$C12)<VisitHrs/24)+('Test Patient'!B12=$B12)*ISNUMBER('Test Patient'!C12)*(ABS('Test Patient'!C12-$C12)<VisitHrs/24)+('Test Patient'!D12=$B12)*ISNUMBER('Test Patient'!E12)*(ABS('Test Patient'!E12-$C12)<VisitHrs/24)+('Test Patient'!F12=$B12)*ISNUMBER('Test Patient'!G12)*(ABS('Test Patient'!G12-$C12)<VisitHrs/24))-1)+('Anita Klesch'!$B12=$B12)*($C12<DayEnd)*($C12+VisitHrs/24>DayStart)+('Anita Klesch'!$C12=$B12)*((($C12+VisitHrs/24>DayEnd)+($C12<DayStart))>0)+('Test Patient 2'!$B12=$B12)*($C12<DayEnd)*($C12+VisitHrs/24>DayStart)+('Test Patient 2'!$C12=$B12)*((($C12+VisitHrs/24>DayEnd)+($C12<DayStart))>0)>=1,1,0),0) -> 0 | K12: =IF(AND($H12=1,$D12<>"",ISNUMBER($E12)),IF(((('Lucy Levene'!B12=$D12)*ISNUMBER('Lucy Levene'!C12)*(ABS('Lucy Levene'!C12-$E12)<VisitHrs/24)+('Lucy Levene'!D12=$D12)*ISNUMBER('Lucy Levene'!E12)*(ABS('Lucy Levene'!E12-$E12)<VisitHrs/24)+('Lucy Levene'!F12=$D12)*ISNUMBER('Lucy Levene'!G12)*(ABS('Lucy Levene'!G12-$E12)<VisitHrs/24)+('Tom Bock'!B12=$D12)*ISNUMBER('Tom Bock'!C12)*(ABS('Tom Bock'!C12-$E12)<VisitHrs/24)+('Tom Bock'!D12=$D12)*ISNUMBER('Tom Bock'!E12)*(ABS('Tom Bock'!E12-$E12)<VisitHrs/24)+('Tom Bock'!F12=$D12)*ISNUMBER('Tom Bock'!G12)*(ABS('Tom Bock'!G12-$E12)<VisitHrs/24)+(Jeremy!B12=$D12)*ISNUMBER(Jeremy!C12)*(ABS(Jeremy!C12-$E12)<VisitHrs/24)+(Jeremy!D12=$D12)*ISNUMBER(Jeremy!E12)*(ABS(Jeremy!E12-$E12)<VisitHrs/24)+(Jeremy!F12=$D12)*ISNUMBER(Jeremy!G12)*(ABS(Jeremy!G12-$E12)<VisitHrs/24)+('Test Patient'!B12=$D12)*ISNUMBER('Test Patient'!C12)*(ABS('Test Patient'!C12-$E12)<VisitHrs/24)+('Test Patient'!D12=$D12)*ISNUMBER('Test Patient'!E12)*(ABS('Test Patient'!E12-$E12)<VisitHrs/24)+('Test Patient'!F12=$D12)*ISNUMBER('Test Patient'!G12)*(ABS('Test Patient'!G12-$E12)<VisitHrs/24))-1)+('Anita Klesch'!$B12=$D12)*($E12<DayEnd)*($E12+VisitHrs/24>DayStart)+('Anita Klesch'!$C12=$D12)*((($E12+VisitHrs/24>DayEnd)+($E12<DayStart))>0)+('Test Patient 2'!$B12=$D12)*($E12<DayEnd)*($E12+VisitHrs/24>DayStart)+('Test Patient 2'!$C12=$D12)*((($E12+VisitHrs/24>DayEnd)+($E12<DayStart))>0)>=1,1,0),0) -> 0 | L12: =IF(AND($H12=1,$F12<>"",ISNUMBER($G12)),IF(((('Lucy Levene'!B12=$F12)*ISNUMBER('Lucy Levene'!C12)*(ABS('Lucy Levene'!C12-$G12)<VisitHrs/24)+('Lucy Levene'!D12=$F12)*ISNUMBER('Lucy Levene'!E12)*(ABS('Lucy Levene'!E12-$G12)<VisitHrs/24)+('Lucy Levene'!F12=$F12)*ISNUMBER('Lucy Levene'!G12)*(ABS('Lucy Levene'!G12-$G12)<VisitHrs/24)+('Tom Bock'!B12=$F12)*ISNUMBER('Tom Bock'!C12)*(ABS('Tom Bock'!C12-$G12)<VisitHrs/24)+('Tom Bock'!D12=$F12)*ISNUMBER('Tom Bock'!E12)*(ABS('Tom Bock'!E12-$G12)<VisitHrs/24)+('Tom Bock'!F12=$F12)*ISNUMBER('Tom Bock'!G12)*(ABS('Tom Bock'!G12-$G12)<VisitHrs/24)+(Jeremy!B12=$F12)*ISNUMBER(Jeremy!C12)*(ABS(Jeremy!C12-$G12)<VisitHrs/24)+(Jeremy!D12=$F12)*ISNUMBER(Jeremy!E12)*(ABS(Jeremy!E12-$G12)<VisitHrs/24)+(Jeremy!F12=$F12)*ISNUMBER(Jeremy!G12)*(ABS(Jeremy!G12-$G12)<VisitHrs/24)+('Test Patient'!B12=$F12)*ISNUMBER('Test Patient'!C12)*(ABS('Test Patient'!C12-$G12)<VisitHrs/24)+('Test Patient'!D12=$F12)*ISNUMBER('Test Patient'!E12)*(ABS('Test Patient'!E12-$G12)<VisitHrs/24)+('Test Patient'!F12=$F12)*ISNUMBER('Test Patient'!G12)*(ABS('Test Patient'!G12-$G12)<VisitHrs/24))-1)+('Anita Klesch'!$B12=$F12)*($G12<DayEnd)*($G12+VisitHrs/24>DayStart)+('Anita Klesch'!$C12=$F12)*((($G12+VisitHrs/24>DayEnd)+($G12<DayStart))>0)+('Test Patient 2'!$B12=$F12)*($G12<DayEnd)*($G12+VisitHrs/24>DayStart)+('Test Patient 2'!$C12=$F12)*((($G12+VisitHrs/24>DayEnd)+($G12<DayStart))>0)>=1,1,0),0) -> 0 | M12: =IF($H12=1,$B12,"") -> Billie | N12: =IF($H12=1,$D12,"") -> Roderick | O12: =IF($H12=1,$F12,"") -> 0
A13: =A12+1 -> 46219 | B13: Billie | D13: Roderick | H13: =IF($A13="",0,IF(AND(OR(NOT(ISNUMBER(LL_Start)),LL_Start=0,$A13>=LL_Start),OR(NOT(ISNUMBER(LL_End)),LL_End=0,$A13<=LL_End)),1,0)) -> 1 | I13: =IF($H13=1,($B13<>"")+($D13<>"")+($F13<>""),0) -> 2 | J13: =IF(AND($H13=1,$B13<>"",ISNUMBER($C13)),IF(((('Lucy Levene'!B13=$B13)*ISNUMBER('Lucy Levene'!C13)*(ABS('Lucy Levene'!C13-$C13)<VisitHrs/24)+('Lucy Levene'!D13=$B13)*ISNUMBER('Lucy Levene'!E13)*(ABS('Lucy Levene'!E13-$C13)<VisitHrs/24)+('Lucy Levene'!F13=$B13)*ISNUMBER('Lucy Levene'!G13)*(ABS('Lucy Levene'!G13-$C13)<VisitHrs/24)+('Tom Bock'!B13=$B13)*ISNUMBER('Tom Bock'!C13)*(ABS('Tom Bock'!C13-$C13)<VisitHrs/24)+('Tom Bock'!D13=$B13)*ISNUMBER('Tom Bock'!E13)*(ABS('Tom Bock'!E13-$C13)<VisitHrs/24)+('Tom Bock'!F13=$B13)*ISNUMBER('Tom Bock'!G13)*(ABS('Tom Bock'!G13-$C13)<VisitHrs/24)+(Jeremy!B13=$B13)*ISNUMBER(Jeremy!C13)*(ABS(Jeremy!C13-$C13)<VisitHrs/24)+(Jeremy!D13=$B13)*ISNUMBER(Jeremy!E13)*(ABS(Jeremy!E13-$C13)<VisitHrs/24)+(Jeremy!F13=$B13)*ISNUMBER(Jeremy!G13)*(ABS(Jeremy!G13-$C13)<VisitHrs/24)+('Test Patient'!B13=$B13)*ISNUMBER('Test Patient'!C13)*(ABS('Test Patient'!C13-$C13)<VisitHrs/24)+('Test Patient'!D13=$B13)*ISNUMBER('Test Patient'!E13)*(ABS('Test Patient'!E13-$C13)<VisitHrs/24)+('Test Patient'!F13=$B13)*ISNUMBER('Test Patient'!G13)*(ABS('Test Patient'!G13-$C13)<VisitHrs/24))-1)+('Anita Klesch'!$B13=$B13)*($C13<DayEnd)*($C13+VisitHrs/24>DayStart)+('Anita Klesch'!$C13=$B13)*((($C13+VisitHrs/24>DayEnd)+($C13<DayStart))>0)+('Test Patient 2'!$B13=$B13)*($C13<DayEnd)*($C13+VisitHrs/24>DayStart)+('Test Patient 2'!$C13=$B13)*((($C13+VisitHrs/24>DayEnd)+($C13<DayStart))>0)>=1,1,0),0) -> 0 | K13: =IF(AND($H13=1,$D13<>"",ISNUMBER($E13)),IF(((('Lucy Levene'!B13=$D13)*ISNUMBER('Lucy Levene'!C13)*(ABS('Lucy Levene'!C13-$E13)<VisitHrs/24)+('Lucy Levene'!D13=$D13)*ISNUMBER('Lucy Levene'!E13)*(ABS('Lucy Levene'!E13-$E13)<VisitHrs/24)+('Lucy Levene'!F13=$D13)*ISNUMBER('Lucy Levene'!G13)*(ABS('Lucy Levene'!G13-$E13)<VisitHrs/24)+('Tom Bock'!B13=$D13)*ISNUMBER('Tom Bock'!C13)*(ABS('Tom Bock'!C13-$E13)<VisitHrs/24)+('Tom Bock'!D13=$D13)*ISNUMBER('Tom Bock'!E13)*(ABS('Tom Bock'!E13-$E13)<VisitHrs/24)+('Tom Bock'!F13=$D13)*ISNUMBER('Tom Bock'!G13)*(ABS('Tom Bock'!G13-$E13)<VisitHrs/24)+(Jeremy!B13=$D13)*ISNUMBER(Jeremy!C13)*(ABS(Jeremy!C13-$E13)<VisitHrs/24)+(Jeremy!D13=$D13)*ISNUMBER(Jeremy!E13)*(ABS(Jeremy!E13-$E13)<VisitHrs/24)+(Jeremy!F13=$D13)*ISNUMBER(Jeremy!G13)*(ABS(Jeremy!G13-$E13)<VisitHrs/24)+('Test Patient'!B13=$D13)*ISNUMBER('Test Patient'!C13)*(ABS('Test Patient'!C13-$E13)<VisitHrs/24)+('Test Patient'!D13=$D13)*ISNUMBER('Test Patient'!E13)*(ABS('Test Patient'!E13-$E13)<VisitHrs/24)+('Test Patient'!F13=$D13)*ISNUMBER('Test Patient'!G13)*(ABS('Test Patient'!G13-$E13)<VisitHrs/24))-1)+('Anita Klesch'!$B13=$D13)*($E13<DayEnd)*($E13+VisitHrs/24>DayStart)+('Anita Klesch'!$C13=$D13)*((($E13+VisitHrs/24>DayEnd)+($E13<DayStart))>0)+('Test Patient 2'!$B13=$D13)*($E13<DayEnd)*($E13+VisitHrs/24>DayStart)+('Test Patient 2'!$C13=$D13)*((($E13+VisitHrs/24>DayEnd)+($E13<DayStart))>0)>=1,1,0),0) -> 0 | L13: =IF(AND($H13=1,$F13<>"",ISNUMBER($G13)),IF(((('Lucy Levene'!B13=$F13)*ISNUMBER('Lucy Levene'!C13)*(ABS('Lucy Levene'!C13-$G13)<VisitHrs/24)+('Lucy Levene'!D13=$F13)*ISNUMBER('Lucy Levene'!E13)*(ABS('Lucy Levene'!E13-$G13)<VisitHrs/24)+('Lucy Levene'!F13=$F13)*ISNUMBER('Lucy Levene'!G13)*(ABS('Lucy Levene'!G13-$G13)<VisitHrs/24)+('Tom Bock'!B13=$F13)*ISNUMBER('Tom Bock'!C13)*(ABS('Tom Bock'!C13-$G13)<VisitHrs/24)+('Tom Bock'!D13=$F13)*ISNUMBER('Tom Bock'!E13)*(ABS('Tom Bock'!E13-$G13)<VisitHrs/24)+('Tom Bock'!F13=$F13)*ISNUMBER('Tom Bock'!G13)*(ABS('Tom Bock'!G13-$G13)<VisitHrs/24)+(Jeremy!B13=$F13)*ISNUMBER(Jeremy!C13)*(ABS(Jeremy!C13-$G13)<VisitHrs/24)+(Jeremy!D13=$F13)*ISNUMBER(Jeremy!E13)*(ABS(Jeremy!E13-$G13)<VisitHrs/24)+(Jeremy!F13=$F13)*ISNUMBER(Jeremy!G13)*(ABS(Jeremy!G13-$G13)<VisitHrs/24)+('Test Patient'!B13=$F13)*ISNUMBER('Test Patient'!C13)*(ABS('Test Patient'!C13-$G13)<VisitHrs/24)+('Test Patient'!D13=$F13)*ISNUMBER('Test Patient'!E13)*(ABS('Test Patient'!E13-$G13)<VisitHrs/24)+('Test Patient'!F13=$F13)*ISNUMBER('Test Patient'!G13)*(ABS('Test Patient'!G13-$G13)<VisitHrs/24))-1)+('Anita Klesch'!$B13=$F13)*($G13<DayEnd)*($G13+VisitHrs/24>DayStart)+('Anita Klesch'!$C13=$F13)*((($G13+VisitHrs/24>DayEnd)+($G13<DayStart))>0)+('Test Patient 2'!$B13=$F13)*($G13<DayEnd)*($G13+VisitHrs/24>DayStart)+('Test Patient 2'!$C13=$F13)*((($G13+VisitHrs/24>DayEnd)+($G13<DayStart))>0)>=1,1,0),0) -> 0 | M13: =IF($H13=1,$B13,"") -> Billie | N13: =IF($H13=1,$D13,"") -> Roderick | O13: =IF($H13=1,$F13,"") -> 0
A14: =A13+1 -> 46220 | B14: Billie | D14: Roderick | H14: =IF($A14="",0,IF(AND(OR(NOT(ISNUMBER(LL_Start)),LL_Start=0,$A14>=LL_Start),OR(NOT(ISNUMBER(LL_End)),LL_End=0,$A14<=LL_End)),1,0)) -> 1 | I14: =IF($H14=1,($B14<>"")+($D14<>"")+($F14<>""),0) -> 2 | J14: =IF(AND($H14=1,$B14<>"",ISNUMBER($C14)),IF(((('Lucy Levene'!B14=$B14)*ISNUMBER('Lucy Levene'!C14)*(ABS('Lucy Levene'!C14-$C14)<VisitHrs/24)+('Lucy Levene'!D14=$B14)*ISNUMBER('Lucy Levene'!E14)*(ABS('Lucy Levene'!E14-$C14)<VisitHrs/24)+('Lucy Levene'!F14=$B14)*ISNUMBER('Lucy Levene'!G14)*(ABS('Lucy Levene'!G14-$C14)<VisitHrs/24)+('Tom Bock'!B14=$B14)*ISNUMBER('Tom Bock'!C14)*(ABS('Tom Bock'!C14-$C14)<VisitHrs/24)+('Tom Bock'!D14=$B14)*ISNUMBER('Tom Bock'!E14)*(ABS('Tom Bock'!E14-$C14)<VisitHrs/24)+('Tom Bock'!F14=$B14)*ISNUMBER('Tom Bock'!G14)*(ABS('Tom Bock'!G14-$C14)<VisitHrs/24)+(Jeremy!B14=$B14)*ISNUMBER(Jeremy!C14)*(ABS(Jeremy!C14-$C14)<VisitHrs/24)+(Jeremy!D14=$B14)*ISNUMBER(Jeremy!E14)*(ABS(Jeremy!E14-$C14)<VisitHrs/24)+(Jeremy!F14=$B14)*ISNUMBER(Jeremy!G14)*(ABS(Jeremy!G14-$C14)<VisitHrs/24)+('Test Patient'!B14=$B14)*ISNUMBER('Test Patient'!C14)*(ABS('Test Patient'!C14-$C14)<VisitHrs/24)+('Test Patient'!D14=$B14)*ISNUMBER('Test Patient'!E14)*(ABS('Test Patient'!E14-$C14)<VisitHrs/24)+('Test Patient'!F14=$B14)*ISNUMBER('Test Patient'!G14)*(ABS('Test Patient'!G14-$C14)<VisitHrs/24))-1)+('Anita Klesch'!$B14=$B14)*($C14<DayEnd)*($C14+VisitHrs/24>DayStart)+('Anita Klesch'!$C14=$B14)*((($C14+VisitHrs/24>DayEnd)+($C14<DayStart))>0)+('Test Patient 2'!$B14=$B14)*($C14<DayEnd)*($C14+VisitHrs/24>DayStart)+('Test Patient 2'!$C14=$B14)*((($C14+VisitHrs/24>DayEnd)+($C14<DayStart))>0)>=1,1,0),0) -> 0 | K14: =IF(AND($H14=1,$D14<>"",ISNUMBER($E14)),IF(((('Lucy Levene'!B14=$D14)*ISNUMBER('Lucy Levene'!C14)*(ABS('Lucy Levene'!C14-$E14)<VisitHrs/24)+('Lucy Levene'!D14=$D14)*ISNUMBER('Lucy Levene'!E14)*(ABS('Lucy Levene'!E14-$E14)<VisitHrs/24)+('Lucy Levene'!F14=$D14)*ISNUMBER('Lucy Levene'!G14)*(ABS('Lucy Levene'!G14-$E14)<VisitHrs/24)+('Tom Bock'!B14=$D14)*ISNUMBER('Tom Bock'!C14)*(ABS('Tom Bock'!C14-$E14)<VisitHrs/24)+('Tom Bock'!D14=$D14)*ISNUMBER('Tom Bock'!E14)*(ABS('Tom Bock'!E14-$E14)<VisitHrs/24)+('Tom Bock'!F14=$D14)*ISNUMBER('Tom Bock'!G14)*(ABS('Tom Bock'!G14-$E14)<VisitHrs/24)+(Jeremy!B14=$D14)*ISNUMBER(Jeremy!C14)*(ABS(Jeremy!C14-$E14)<VisitHrs/24)+(Jeremy!D14=$D14)*ISNUMBER(Jeremy!E14)*(ABS(Jeremy!E14-$E14)<VisitHrs/24)+(Jeremy!F14=$D14)*ISNUMBER(Jeremy!G14)*(ABS(Jeremy!G14-$E14)<VisitHrs/24)+('Test Patient'!B14=$D14)*ISNUMBER('Test Patient'!C14)*(ABS('Test Patient'!C14-$E14)<VisitHrs/24)+('Test Patient'!D14=$D14)*ISNUMBER('Test Patient'!E14)*(ABS('Test Patient'!E14-$E14)<VisitHrs/24)+('Test Patient'!F14=$D14)*ISNUMBER('Test Patient'!G14)*(ABS('Test Patient'!G14-$E14)<VisitHrs/24))-1)+('Anita Klesch'!$B14=$D14)*($E14<DayEnd)*($E14+VisitHrs/24>DayStart)+('Anita Klesch'!$C14=$D14)*((($E14+VisitHrs/24>DayEnd)+($E14<DayStart))>0)+('Test Patient 2'!$B14=$D14)*($E14<DayEnd)*($E14+VisitHrs/24>DayStart)+('Test Patient 2'!$C14=$D14)*((($E14+VisitHrs/24>DayEnd)+($E14<DayStart))>0)>=1,1,0),0) -> 0 | L14: =IF(AND($H14=1,$F14<>"",ISNUMBER($G14)),IF(((('Lucy Levene'!B14=$F14)*ISNUMBER('Lucy Levene'!C14)*(ABS('Lucy Levene'!C14-$G14)<VisitHrs/24)+('Lucy Levene'!D14=$F14)*ISNUMBER('Lucy Levene'!E14)*(ABS('Lucy Levene'!E14-$G14)<VisitHrs/24)+('Lucy Levene'!F14=$F14)*ISNUMBER('Lucy Levene'!G14)*(ABS('Lucy Levene'!G14-$G14)<VisitHrs/24)+('Tom Bock'!B14=$F14)*ISNUMBER('Tom Bock'!C14)*(ABS('Tom Bock'!C14-$G14)<VisitHrs/24)+('Tom Bock'!D14=$F14)*ISNUMBER('Tom Bock'!E14)*(ABS('Tom Bock'!E14-$G14)<VisitHrs/24)+('Tom Bock'!F14=$F14)*ISNUMBER('Tom Bock'!G14)*(ABS('Tom Bock'!G14-$G14)<VisitHrs/24)+(Jeremy!B14=$F14)*ISNUMBER(Jeremy!C14)*(ABS(Jeremy!C14-$G14)<VisitHrs/24)+(Jeremy!D14=$F14)*ISNUMBER(Jeremy!E14)*(ABS(Jeremy!E14-$G14)<VisitHrs/24)+(Jeremy!F14=$F14)*ISNUMBER(Jeremy!G14)*(ABS(Jeremy!G14-$G14)<VisitHrs/24)+('Test Patient'!B14=$F14)*ISNUMBER('Test Patient'!C14)*(ABS('Test Patient'!C14-$G14)<VisitHrs/24)+('Test Patient'!D14=$F14)*ISNUMBER('Test Patient'!E14)*(ABS('Test Patient'!E14-$G14)<VisitHrs/24)+('Test Patient'!F14=$F14)*ISNUMBER('Test Patient'!G14)*(ABS('Test Patient'!G14-$G14)<VisitHrs/24))-1)+('Anita Klesch'!$B14=$F14)*($G14<DayEnd)*($G14+VisitHrs/24>DayStart)+('Anita Klesch'!$C14=$F14)*((($G14+VisitHrs/24>DayEnd)+($G14<DayStart))>0)+('Test Patient 2'!$B14=$F14)*($G14<DayEnd)*($G14+VisitHrs/24>DayStart)+('Test Patient 2'!$C14=$F14)*((($G14+VisitHrs/24>DayEnd)+($G14<DayStart))>0)>=1,1,0),0) -> 0 | M14: =IF($H14=1,$B14,"") -> Billie | N14: =IF($H14=1,$D14,"") -> Roderick | O14: =IF($H14=1,$F14,"") -> 0
A15: =A14+1 -> 46221 | B15: Roderick | D15: Roderick | H15: =IF($A15="",0,IF(AND(OR(NOT(ISNUMBER(LL_Start)),LL_Start=0,$A15>=LL_Start),OR(NOT(ISNUMBER(LL_End)),LL_End=0,$A15<=LL_End)),1,0)) -> 1 | I15: =IF($H15=1,($B15<>"")+($D15<>"")+($F15<>""),0) -> 2 | J15: =IF(AND($H15=1,$B15<>"",ISNUMBER($C15)),IF(((('Lucy Levene'!B15=$B15)*ISNUMBER('Lucy Levene'!C15)*(ABS('Lucy Levene'!C15-$C15)<VisitHrs/24)+('Lucy Levene'!D15=$B15)*ISNUMBER('Lucy Levene'!E15)*(ABS('Lucy Levene'!E15-$C15)<VisitHrs/24)+('Lucy Levene'!F15=$B15)*ISNUMBER('Lucy Levene'!G15)*(ABS('Lucy Levene'!G15-$C15)<VisitHrs/24)+('Tom Bock'!B15=$B15)*ISNUMBER('Tom Bock'!C15)*(ABS('Tom Bock'!C15-$C15)<VisitHrs/24)+('Tom Bock'!D15=$B15)*ISNUMBER('Tom Bock'!E15)*(ABS('Tom Bock'!E15-$C15)<VisitHrs/24)+('Tom Bock'!F15=$B15)*ISNUMBER('Tom Bock'!G15)*(ABS('Tom Bock'!G15-$C15)<VisitHrs/24)+(Jeremy!B15=$B15)*ISNUMBER(Jeremy!C15)*(ABS(Jeremy!C15-$C15)<VisitHrs/24)+(Jeremy!D15=$B15)*ISNUMBER(Jeremy!E15)*(ABS(Jeremy!E15-$C15)<VisitHrs/24)+(Jeremy!F15=$B15)*ISNUMBER(Jeremy!G15)*(ABS(Jeremy!G15-$C15)<VisitHrs/24)+('Test Patient'!B15=$B15)*ISNUMBER('Test Patient'!C15)*(ABS('Test Patient'!C15-$C15)<VisitHrs/24)+('Test Patient'!D15=$B15)*ISNUMBER('Test Patient'!E15)*(ABS('Test Patient'!E15-$C15)<VisitHrs/24)+('Test Patient'!F15=$B15)*ISNUMBER('Test Patient'!G15)*(ABS('Test Patient'!G15-$C15)<VisitHrs/24))-1)+('Anita Klesch'!$B15=$B15)*($C15<DayEnd)*($C15+VisitHrs/24>DayStart)+('Anita Klesch'!$C15=$B15)*((($C15+VisitHrs/24>DayEnd)+($C15<DayStart))>0)+('Test Patient 2'!$B15=$B15)*($C15<DayEnd)*($C15+VisitHrs/24>DayStart)+('Test Patient 2'!$C15=$B15)*((($C15+VisitHrs/24>DayEnd)+($C15<DayStart))>0)>=1,1,0),0) -> 0 | K15: =IF(AND($H15=1,$D15<>"",ISNUMBER($E15)),IF(((('Lucy Levene'!B15=$D15)*ISNUMBER('Lucy Levene'!C15)*(ABS('Lucy Levene'!C15-$E15)<VisitHrs/24)+('Lucy Levene'!D15=$D15)*ISNUMBER('Lucy Levene'!E15)*(ABS('Lucy Levene'!E15-$E15)<VisitHrs/24)+('Lucy Levene'!F15=$D15)*ISNUMBER('Lucy Levene'!G15)*(ABS('Lucy Levene'!G15-$E15)<VisitHrs/24)+('Tom Bock'!B15=$D15)*ISNUMBER('Tom Bock'!C15)*(ABS('Tom Bock'!C15-$E15)<VisitHrs/24)+('Tom Bock'!D15=$D15)*ISNUMBER('Tom Bock'!E15)*(ABS('Tom Bock'!E15-$E15)<VisitHrs/24)+('Tom Bock'!F15=$D15)*ISNUMBER('Tom Bock'!G15)*(ABS('Tom Bock'!G15-$E15)<VisitHrs/24)+(Jeremy!B15=$D15)*ISNUMBER(Jeremy!C15)*(ABS(Jeremy!C15-$E15)<VisitHrs/24)+(Jeremy!D15=$D15)*ISNUMBER(Jeremy!E15)*(ABS(Jeremy!E15-$E15)<VisitHrs/24)+(Jeremy!F15=$D15)*ISNUMBER(Jeremy!G15)*(ABS(Jeremy!G15-$E15)<VisitHrs/24)+('Test Patient'!B15=$D15)*ISNUMBER('Test Patient'!C15)*(ABS('Test Patient'!C15-$E15)<VisitHrs/24)+('Test Patient'!D15=$D15)*ISNUMBER('Test Patient'!E15)*(ABS('Test Patient'!E15-$E15)<VisitHrs/24)+('Test Patient'!F15=$D15)*ISNUMBER('Test Patient'!G15)*(ABS('Test Patient'!G15-$E15)<VisitHrs/24))-1)+('Anita Klesch'!$B15=$D15)*($E15<DayEnd)*($E15+VisitHrs/24>DayStart)+('Anita Klesch'!$C15=$D15)*((($E15+VisitHrs/24>DayEnd)+($E15<DayStart))>0)+('Test Patient 2'!$B15=$D15)*($E15<DayEnd)*($E15+VisitHrs/24>DayStart)+('Test Patient 2'!$C15=$D15)*((($E15+VisitHrs/24>DayEnd)+($E15<DayStart))>0)>=1,1,0),0) -> 0 | L15: =IF(AND($H15=1,$F15<>"",ISNUMBER($G15)),IF(((('Lucy Levene'!B15=$F15)*ISNUMBER('Lucy Levene'!C15)*(ABS('Lucy Levene'!C15-$G15)<VisitHrs/24)+('Lucy Levene'!D15=$F15)*ISNUMBER('Lucy Levene'!E15)*(ABS('Lucy Levene'!E15-$G15)<VisitHrs/24)+('Lucy Levene'!F15=$F15)*ISNUMBER('Lucy Levene'!G15)*(ABS('Lucy Levene'!G15-$G15)<VisitHrs/24)+('Tom Bock'!B15=$F15)*ISNUMBER('Tom Bock'!C15)*(ABS('Tom Bock'!C15-$G15)<VisitHrs/24)+('Tom Bock'!D15=$F15)*ISNUMBER('Tom Bock'!E15)*(ABS('Tom Bock'!E15-$G15)<VisitHrs/24)+('Tom Bock'!F15=$F15)*ISNUMBER('Tom Bock'!G15)*(ABS('Tom Bock'!G15-$G15)<VisitHrs/24)+(Jeremy!B15=$F15)*ISNUMBER(Jeremy!C15)*(ABS(Jeremy!C15-$G15)<VisitHrs/24)+(Jeremy!D15=$F15)*ISNUMBER(Jeremy!E15)*(ABS(Jeremy!E15-$G15)<VisitHrs/24)+(Jeremy!F15=$F15)*ISNUMBER(Jeremy!G15)*(ABS(Jeremy!G15-$G15)<VisitHrs/24)+('Test Patient'!B15=$F15)*ISNUMBER('Test Patient'!C15)*(ABS('Test Patient'!C15-$G15)<VisitHrs/24)+('Test Patient'!D15=$F15)*ISNUMBER('Test Patient'!E15)*(ABS('Test Patient'!E15-$G15)<VisitHrs/24)+('Test Patient'!F15=$F15)*ISNUMBER('Test Patient'!G15)*(ABS('Test Patient'!G15-$G15)<VisitHrs/24))-1)+('Anita Klesch'!$B15=$F15)*($G15<DayEnd)*($G15+VisitHrs/24>DayStart)+('Anita Klesch'!$C15=$F15)*((($G15+VisitHrs/24>DayEnd)+($G15<DayStart))>0)+('Test Patient 2'!$B15=$F15)*($G15<DayEnd)*($G15+VisitHrs/24>DayStart)+('Test Patient 2'!$C15=$F15)*((($G15+VisitHrs/24>DayEnd)+($G15<DayStart))>0)>=1,1,0),0) -> 0 | M15: =IF($H15=1,$B15,"") -> Roderick | N15: =IF($H15=1,$D15,"") -> Roderick | O15: =IF($H15=1,$F15,"") -> 0
A16: =A15+1 -> 46222 | B16: Roderick | D16: Roderick | H16: =IF($A16="",0,IF(AND(OR(NOT(ISNUMBER(LL_Start)),LL_Start=0,$A16>=LL_Start),OR(NOT(ISNUMBER(LL_End)),LL_End=0,$A16<=LL_End)),1,0)) -> 1 | I16: =IF($H16=1,($B16<>"")+($D16<>"")+($F16<>""),0) -> 2 | J16: =IF(AND($H16=1,$B16<>"",ISNUMBER($C16)),IF(((('Lucy Levene'!B16=$B16)*ISNUMBER('Lucy Levene'!C16)*(ABS('Lucy Levene'!C16-$C16)<VisitHrs/24)+('Lucy Levene'!D16=$B16)*ISNUMBER('Lucy Levene'!E16)*(ABS('Lucy Levene'!E16-$C16)<VisitHrs/24)+('Lucy Levene'!F16=$B16)*ISNUMBER('Lucy Levene'!G16)*(ABS('Lucy Levene'!G16-$C16)<VisitHrs/24)+('Tom Bock'!B16=$B16)*ISNUMBER('Tom Bock'!C16)*(ABS('Tom Bock'!C16-$C16)<VisitHrs/24)+('Tom Bock'!D16=$B16)*ISNUMBER('Tom Bock'!E16)*(ABS('Tom Bock'!E16-$C16)<VisitHrs/24)+('Tom Bock'!F16=$B16)*ISNUMBER('Tom Bock'!G16)*(ABS('Tom Bock'!G16-$C16)<VisitHrs/24)+(Jeremy!B16=$B16)*ISNUMBER(Jeremy!C16)*(ABS(Jeremy!C16-$C16)<VisitHrs/24)+(Jeremy!D16=$B16)*ISNUMBER(Jeremy!E16)*(ABS(Jeremy!E16-$C16)<VisitHrs/24)+(Jeremy!F16=$B16)*ISNUMBER(Jeremy!G16)*(ABS(Jeremy!G16-$C16)<VisitHrs/24)+('Test Patient'!B16=$B16)*ISNUMBER('Test Patient'!C16)*(ABS('Test Patient'!C16-$C16)<VisitHrs/24)+('Test Patient'!D16=$B16)*ISNUMBER('Test Patient'!E16)*(ABS('Test Patient'!E16-$C16)<VisitHrs/24)+('Test Patient'!F16=$B16)*ISNUMBER('Test Patient'!G16)*(ABS('Test Patient'!G16-$C16)<VisitHrs/24))-1)+('Anita Klesch'!$B16=$B16)*($C16<DayEnd)*($C16+VisitHrs/24>DayStart)+('Anita Klesch'!$C16=$B16)*((($C16+VisitHrs/24>DayEnd)+($C16<DayStart))>0)+('Test Patient 2'!$B16=$B16)*($C16<DayEnd)*($C16+VisitHrs/24>DayStart)+('Test Patient 2'!$C16=$B16)*((($C16+VisitHrs/24>DayEnd)+($C16<DayStart))>0)>=1,1,0),0) -> 0 | K16: =IF(AND($H16=1,$D16<>"",ISNUMBER($E16)),IF(((('Lucy Levene'!B16=$D16)*ISNUMBER('Lucy Levene'!C16)*(ABS('Lucy Levene'!C16-$E16)<VisitHrs/24)+('Lucy Levene'!D16=$D16)*ISNUMBER('Lucy Levene'!E16)*(ABS('Lucy Levene'!E16-$E16)<VisitHrs/24)+('Lucy Levene'!F16=$D16)*ISNUMBER('Lucy Levene'!G16)*(ABS('Lucy Levene'!G16-$E16)<VisitHrs/24)+('Tom Bock'!B16=$D16)*ISNUMBER('Tom Bock'!C16)*(ABS('Tom Bock'!C16-$E16)<VisitHrs/24)+('Tom Bock'!D16=$D16)*ISNUMBER('Tom Bock'!E16)*(ABS('Tom Bock'!E16-$E16)<VisitHrs/24)+('Tom Bock'!F16=$D16)*ISNUMBER('Tom Bock'!G16)*(ABS('Tom Bock'!G16-$E16)<VisitHrs/24)+(Jeremy!B16=$D16)*ISNUMBER(Jeremy!C16)*(ABS(Jeremy!C16-$E16)<VisitHrs/24)+(Jeremy!D16=$D16)*ISNUMBER(Jeremy!E16)*(ABS(Jeremy!E16-$E16)<VisitHrs/24)+(Jeremy!F16=$D16)*ISNUMBER(Jeremy!G16)*(ABS(Jeremy!G16-$E16)<VisitHrs/24)+('Test Patient'!B16=$D16)*ISNUMBER('Test Patient'!C16)*(ABS('Test Patient'!C16-$E16)<VisitHrs/24)+('Test Patient'!D16=$D16)*ISNUMBER('Test Patient'!E16)*(ABS('Test Patient'!E16-$E16)<VisitHrs/24)+('Test Patient'!F16=$D16)*ISNUMBER('Test Patient'!G16)*(ABS('Test Patient'!G16-$E16)<VisitHrs/24))-1)+('Anita Klesch'!$B16=$D16)*($E16<DayEnd)*($E16+VisitHrs/24>DayStart)+('Anita Klesch'!$C16=$D16)*((($E16+VisitHrs/24>DayEnd)+($E16<DayStart))>0)+('Test Patient 2'!$B16=$D16)*($E16<DayEnd)*($E16+VisitHrs/24>DayStart)+('Test Patient 2'!$C16=$D16)*((($E16+VisitHrs/24>DayEnd)+($E16<DayStart))>0)>=1,1,0),0) -> 0 | L16: =IF(AND($H16=1,$F16<>"",ISNUMBER($G16)),IF(((('Lucy Levene'!B16=$F16)*ISNUMBER('Lucy Levene'!C16)*(ABS('Lucy Levene'!C16-$G16)<VisitHrs/24)+('Lucy Levene'!D16=$F16)*ISNUMBER('Lucy Levene'!E16)*(ABS('Lucy Levene'!E16-$G16)<VisitHrs/24)+('Lucy Levene'!F16=$F16)*ISNUMBER('Lucy Levene'!G16)*(ABS('Lucy Levene'!G16-$G16)<VisitHrs/24)+('Tom Bock'!B16=$F16)*ISNUMBER('Tom Bock'!C16)*(ABS('Tom Bock'!C16-$G16)<VisitHrs/24)+('Tom Bock'!D16=$F16)*ISNUMBER('Tom Bock'!E16)*(ABS('Tom Bock'!E16-$G16)<VisitHrs/24)+('Tom Bock'!F16=$F16)*ISNUMBER('Tom Bock'!G16)*(ABS('Tom Bock'!G16-$G16)<VisitHrs/24)+(Jeremy!B16=$F16)*ISNUMBER(Jeremy!C16)*(ABS(Jeremy!C16-$G16)<VisitHrs/24)+(Jeremy!D16=$F16)*ISNUMBER(Jeremy!E16)*(ABS(Jeremy!E16-$G16)<VisitHrs/24)+(Jeremy!F16=$F16)*ISNUMBER(Jeremy!G16)*(ABS(Jeremy!G16-$G16)<VisitHrs/24)+('Test Patient'!B16=$F16)*ISNUMBER('Test Patient'!C16)*(ABS('Test Patient'!C16-$G16)<VisitHrs/24)+('Test Patient'!D16=$F16)*ISNUMBER('Test Patient'!E16)*(ABS('Test Patient'!E16-$G16)<VisitHrs/24)+('Test Patient'!F16=$F16)*ISNUMBER('Test Patient'!G16)*(ABS('Test Patient'!G16-$G16)<VisitHrs/24))-1)+('Anita Klesch'!$B16=$F16)*($G16<DayEnd)*($G16+VisitHrs/24>DayStart)+('Anita Klesch'!$C16=$F16)*((($G16+VisitHrs/24>DayEnd)+($G16<DayStart))>0)+('Test Patient 2'!$B16=$F16)*($G16<DayEnd)*($G16+VisitHrs/24>DayStart)+('Test Patient 2'!$C16=$F16)*((($G16+VisitHrs/24>DayEnd)+($G16<DayStart))>0)>=1,1,0),0) -> 0 | M16: =IF($H16=1,$B16,"") -> Roderick | N16: =IF($H16=1,$D16,"") -> Roderick | O16: =IF($H16=1,$F16,"") -> 0
A17: =A16+1 -> 46223 | B17: Billie | D17: Roderick | H17: =IF($A17="",0,IF(AND(OR(NOT(ISNUMBER(LL_Start)),LL_Start=0,$A17>=LL_Start),OR(NOT(ISNUMBER(LL_End)),LL_End=0,$A17<=LL_End)),1,0)) -> 1 | I17: =IF($H17=1,($B17<>"")+($D17<>"")+($F17<>""),0) -> 2 | J17: =IF(AND($H17=1,$B17<>"",ISNUMBER($C17)),IF(((('Lucy Levene'!B17=$B17)*ISNUMBER('Lucy Levene'!C17)*(ABS('Lucy Levene'!C17-$C17)<VisitHrs/24)+('Lucy Levene'!D17=$B17)*ISNUMBER('Lucy Levene'!E17)*(ABS('Lucy Levene'!E17-$C17)<VisitHrs/24)+('Lucy Levene'!F17=$B17)*ISNUMBER('Lucy Levene'!G17)*(ABS('Lucy Levene'!G17-$C17)<VisitHrs/24)+('Tom Bock'!B17=$B17)*ISNUMBER('Tom Bock'!C17)*(ABS('Tom Bock'!C17-$C17)<VisitHrs/24)+('Tom Bock'!D17=$B17)*ISNUMBER('Tom Bock'!E17)*(ABS('Tom Bock'!E17-$C17)<VisitHrs/24)+('Tom Bock'!F17=$B17)*ISNUMBER('Tom Bock'!G17)*(ABS('Tom Bock'!G17-$C17)<VisitHrs/24)+(Jeremy!B17=$B17)*ISNUMBER(Jeremy!C17)*(ABS(Jeremy!C17-$C17)<VisitHrs/24)+(Jeremy!D17=$B17)*ISNUMBER(Jeremy!E17)*(ABS(Jeremy!E17-$C17)<VisitHrs/24)+(Jeremy!F17=$B17)*ISNUMBER(Jeremy!G17)*(ABS(Jeremy!G17-$C17)<VisitHrs/24)+('Test Patient'!B17=$B17)*ISNUMBER('Test Patient'!C17)*(ABS('Test Patient'!C17-$C17)<VisitHrs/24)+('Test Patient'!D17=$B17)*ISNUMBER('Test Patient'!E17)*(ABS('Test Patient'!E17-$C17)<VisitHrs/24)+('Test Patient'!F17=$B17)*ISNUMBER('Test Patient'!G17)*(ABS('Test Patient'!G17-$C17)<VisitHrs/24))-1)+('Anita Klesch'!$B17=$B17)*($C17<DayEnd)*($C17+VisitHrs/24>DayStart)+('Anita Klesch'!$C17=$B17)*((($C17+VisitHrs/24>DayEnd)+($C17<DayStart))>0)+('Test Patient 2'!$B17=$B17)*($C17<DayEnd)*($C17+VisitHrs/24>DayStart)+('Test Patient 2'!$C17=$B17)*((($C17+VisitHrs/24>DayEnd)+($C17<DayStart))>0)>=1,1,0),0) -> 0 | K17: =IF(AND($H17=1,$D17<>"",ISNUMBER($E17)),IF(((('Lucy Levene'!B17=$D17)*ISNUMBER('Lucy Levene'!C17)*(ABS('Lucy Levene'!C17-$E17)<VisitHrs/24)+('Lucy Levene'!D17=$D17)*ISNUMBER('Lucy Levene'!E17)*(ABS('Lucy Levene'!E17-$E17)<VisitHrs/24)+('Lucy Levene'!F17=$D17)*ISNUMBER('Lucy Levene'!G17)*(ABS('Lucy Levene'!G17-$E17)<VisitHrs/24)+('Tom Bock'!B17=$D17)*ISNUMBER('Tom Bock'!C17)*(ABS('Tom Bock'!C17-$E17)<VisitHrs/24)+('Tom Bock'!D17=$D17)*ISNUMBER('Tom Bock'!E17)*(ABS('Tom Bock'!E17-$E17)<VisitHrs/24)+('Tom Bock'!F17=$D17)*ISNUMBER('Tom Bock'!G17)*(ABS('Tom Bock'!G17-$E17)<VisitHrs/24)+(Jeremy!B17=$D17)*ISNUMBER(Jeremy!C17)*(ABS(Jeremy!C17-$E17)<VisitHrs/24)+(Jeremy!D17=$D17)*ISNUMBER(Jeremy!E17)*(ABS(Jeremy!E17-$E17)<VisitHrs/24)+(Jeremy!F17=$D17)*ISNUMBER(Jeremy!G17)*(ABS(Jeremy!G17-$E17)<VisitHrs/24)+('Test Patient'!B17=$D17)*ISNUMBER('Test Patient'!C17)*(ABS('Test Patient'!C17-$E17)<VisitHrs/24)+('Test Patient'!D17=$D17)*ISNUMBER('Test Patient'!E17)*(ABS('Test Patient'!E17-$E17)<VisitHrs/24)+('Test Patient'!F17=$D17)*ISNUMBER('Test Patient'!G17)*(ABS('Test Patient'!G17-$E17)<VisitHrs/24))-1)+('Anita Klesch'!$B17=$D17)*($E17<DayEnd)*($E17+VisitHrs/24>DayStart)+('Anita Klesch'!$C17=$D17)*((($E17+VisitHrs/24>DayEnd)+($E17<DayStart))>0)+('Test Patient 2'!$B17=$D17)*($E17<DayEnd)*($E17+VisitHrs/24>DayStart)+('Test Patient 2'!$C17=$D17)*((($E17+VisitHrs/24>DayEnd)+($E17<DayStart))>0)>=1,1,0),0) -> 0 | L17: =IF(AND($H17=1,$F17<>"",ISNUMBER($G17)),IF(((('Lucy Levene'!B17=$F17)*ISNUMBER('Lucy Levene'!C17)*(ABS('Lucy Levene'!C17-$G17)<VisitHrs/24)+('Lucy Levene'!D17=$F17)*ISNUMBER('Lucy Levene'!E17)*(ABS('Lucy Levene'!E17-$G17)<VisitHrs/24)+('Lucy Levene'!F17=$F17)*ISNUMBER('Lucy Levene'!G17)*(ABS('Lucy Levene'!G17-$G17)<VisitHrs/24)+('Tom Bock'!B17=$F17)*ISNUMBER('Tom Bock'!C17)*(ABS('Tom Bock'!C17-$G17)<VisitHrs/24)+('Tom Bock'!D17=$F17)*ISNUMBER('Tom Bock'!E17)*(ABS('Tom Bock'!E17-$G17)<VisitHrs/24)+('Tom Bock'!F17=$F17)*ISNUMBER('Tom Bock'!G17)*(ABS('Tom Bock'!G17-$G17)<VisitHrs/24)+(Jeremy!B17=$F17)*ISNUMBER(Jeremy!C17)*(ABS(Jeremy!C17-$G17)<VisitHrs/24)+(Jeremy!D17=$F17)*ISNUMBER(Jeremy!E17)*(ABS(Jeremy!E17-$G17)<VisitHrs/24)+(Jeremy!F17=$F17)*ISNUMBER(Jeremy!G17)*(ABS(Jeremy!G17-$G17)<VisitHrs/24)+('Test Patient'!B17=$F17)*ISNUMBER('Test Patient'!C17)*(ABS('Test Patient'!C17-$G17)<VisitHrs/24)+('Test Patient'!D17=$F17)*ISNUMBER('Test Patient'!E17)*(ABS('Test Patient'!E17-$G17)<VisitHrs/24)+('Test Patient'!F17=$F17)*ISNUMBER('Test Patient'!G17)*(ABS('Test Patient'!G17-$G17)<VisitHrs/24))-1)+('Anita Klesch'!$B17=$F17)*($G17<DayEnd)*($G17+VisitHrs/24>DayStart)+('Anita Klesch'!$C17=$F17)*((($G17+VisitHrs/24>DayEnd)+($G17<DayStart))>0)+('Test Patient 2'!$B17=$F17)*($G17<DayEnd)*($G17+VisitHrs/24>DayStart)+('Test Patient 2'!$C17=$F17)*((($G17+VisitHrs/24>DayEnd)+($G17<DayStart))>0)>=1,1,0),0) -> 0 | M17: =IF($H17=1,$B17,"") -> Billie | N17: =IF($H17=1,$D17,"") -> Roderick | O17: =IF($H17=1,$F17,"") -> 0
A18: =A17+1 -> 46224 | B18: Roderick | D18: Rochelle | H18: =IF($A18="",0,IF(AND(OR(NOT(ISNUMBER(LL_Start)),LL_Start=0,$A18>=LL_Start),OR(NOT(ISNUMBER(LL_End)),LL_End=0,$A18<=LL_End)),1,0)) -> 1 | I18: =IF($H18=1,($B18<>"")+($D18<>"")+($F18<>""),0) -> 2 | J18: =IF(AND($H18=1,$B18<>"",ISNUMBER($C18)),IF(((('Lucy Levene'!B18=$B18)*ISNUMBER('Lucy Levene'!C18)*(ABS('Lucy Levene'!C18-$C18)<VisitHrs/24)+('Lucy Levene'!D18=$B18)*ISNUMBER('Lucy Levene'!E18)*(ABS('Lucy Levene'!E18-$C18)<VisitHrs/24)+('Lucy Levene'!F18=$B18)*ISNUMBER('Lucy Levene'!G18)*(ABS('Lucy Levene'!G18-$C18)<VisitHrs/24)+('Tom Bock'!B18=$B18)*ISNUMBER('Tom Bock'!C18)*(ABS('Tom Bock'!C18-$C18)<VisitHrs/24)+('Tom Bock'!D18=$B18)*ISNUMBER('Tom Bock'!E18)*(ABS('Tom Bock'!E18-$C18)<VisitHrs/24)+('Tom Bock'!F18=$B18)*ISNUMBER('Tom Bock'!G18)*(ABS('Tom Bock'!G18-$C18)<VisitHrs/24)+(Jeremy!B18=$B18)*ISNUMBER(Jeremy!C18)*(ABS(Jeremy!C18-$C18)<VisitHrs/24)+(Jeremy!D18=$B18)*ISNUMBER(Jeremy!E18)*(ABS(Jeremy!E18-$C18)<VisitHrs/24)+(Jeremy!F18=$B18)*ISNUMBER(Jeremy!G18)*(ABS(Jeremy!G18-$C18)<VisitHrs/24)+('Test Patient'!B18=$B18)*ISNUMBER('Test Patient'!C18)*(ABS('Test Patient'!C18-$C18)<VisitHrs/24)+('Test Patient'!D18=$B18)*ISNUMBER('Test Patient'!E18)*(ABS('Test Patient'!E18-$C18)<VisitHrs/24)+('Test Patient'!F18=$B18)*ISNUMBER('Test Patient'!G18)*(ABS('Test Patient'!G18-$C18)<VisitHrs/24))-1)+('Anita Klesch'!$B18=$B18)*($C18<DayEnd)*($C18+VisitHrs/24>DayStart)+('Anita Klesch'!$C18=$B18)*((($C18+VisitHrs/24>DayEnd)+($C18<DayStart))>0)+('Test Patient 2'!$B18=$B18)*($C18<DayEnd)*($C18+VisitHrs/24>DayStart)+('Test Patient 2'!$C18=$B18)*((($C18+VisitHrs/24>DayEnd)+($C18<DayStart))>0)>=1,1,0),0) -> 0 | K18: =IF(AND($H18=1,$D18<>"",ISNUMBER($E18)),IF(((('Lucy Levene'!B18=$D18)*ISNUMBER('Lucy Levene'!C18)*(ABS('Lucy Levene'!C18-$E18)<VisitHrs/24)+('Lucy Levene'!D18=$D18)*ISNUMBER('Lucy Levene'!E18)*(ABS('Lucy Levene'!E18-$E18)<VisitHrs/24)+('Lucy Levene'!F18=$D18)*ISNUMBER('Lucy Levene'!G18)*(ABS('Lucy Levene'!G18-$E18)<VisitHrs/24)+('Tom Bock'!B18=$D18)*ISNUMBER('Tom Bock'!C18)*(ABS('Tom Bock'!C18-$E18)<VisitHrs/24)+('Tom Bock'!D18=$D18)*ISNUMBER('Tom Bock'!E18)*(ABS('Tom Bock'!E18-$E18)<VisitHrs/24)+('Tom Bock'!F18=$D18)*ISNUMBER('Tom Bock'!G18)*(ABS('Tom Bock'!G18-$E18)<VisitHrs/24)+(Jeremy!B18=$D18)*ISNUMBER(Jeremy!C18)*(ABS(Jeremy!C18-$E18)<VisitHrs/24)+(Jeremy!D18=$D18)*ISNUMBER(Jeremy!E18)*(ABS(Jeremy!E18-$E18)<VisitHrs/24)+(Jeremy!F18=$D18)*ISNUMBER(Jeremy!G18)*(ABS(Jeremy!G18-$E18)<VisitHrs/24)+('Test Patient'!B18=$D18)*ISNUMBER('Test Patient'!C18)*(ABS('Test Patient'!C18-$E18)<VisitHrs/24)+('Test Patient'!D18=$D18)*ISNUMBER('Test Patient'!E18)*(ABS('Test Patient'!E18-$E18)<VisitHrs/24)+('Test Patient'!F18=$D18)*ISNUMBER('Test Patient'!G18)*(ABS('Test Patient'!G18-$E18)<VisitHrs/24))-1)+('Anita Klesch'!$B18=$D18)*($E18<DayEnd)*($E18+VisitHrs/24>DayStart)+('Anita Klesch'!$C18=$D18)*((($E18+VisitHrs/24>DayEnd)+($E18<DayStart))>0)+('Test Patient 2'!$B18=$D18)*($E18<DayEnd)*($E18+VisitHrs/24>DayStart)+('Test Patient 2'!$C18=$D18)*((($E18+VisitHrs/24>DayEnd)+($E18<DayStart))>0)>=1,1,0),0) -> 0 | L18: =IF(AND($H18=1,$F18<>"",ISNUMBER($G18)),IF(((('Lucy Levene'!B18=$F18)*ISNUMBER('Lucy Levene'!C18)*(ABS('Lucy Levene'!C18-$G18)<VisitHrs/24)+('Lucy Levene'!D18=$F18)*ISNUMBER('Lucy Levene'!E18)*(ABS('Lucy Levene'!E18-$G18)<VisitHrs/24)+('Lucy Levene'!F18=$F18)*ISNUMBER('Lucy Levene'!G18)*(ABS('Lucy Levene'!G18-$G18)<VisitHrs/24)+('Tom Bock'!B18=$F18)*ISNUMBER('Tom Bock'!C18)*(ABS('Tom Bock'!C18-$G18)<VisitHrs/24)+('Tom Bock'!D18=$F18)*ISNUMBER('Tom Bock'!E18)*(ABS('Tom Bock'!E18-$G18)<VisitHrs/24)+('Tom Bock'!F18=$F18)*ISNUMBER('Tom Bock'!G18)*(ABS('Tom Bock'!G18-$G18)<VisitHrs/24)+(Jeremy!B18=$F18)*ISNUMBER(Jeremy!C18)*(ABS(Jeremy!C18-$G18)<VisitHrs/24)+(Jeremy!D18=$F18)*ISNUMBER(Jeremy!E18)*(ABS(Jeremy!E18-$G18)<VisitHrs/24)+(Jeremy!F18=$F18)*ISNUMBER(Jeremy!G18)*(ABS(Jeremy!G18-$G18)<VisitHrs/24)+('Test Patient'!B18=$F18)*ISNUMBER('Test Patient'!C18)*(ABS('Test Patient'!C18-$G18)<VisitHrs/24)+('Test Patient'!D18=$F18)*ISNUMBER('Test Patient'!E18)*(ABS('Test Patient'!E18-$G18)<VisitHrs/24)+('Test Patient'!F18=$F18)*ISNUMBER('Test Patient'!G18)*(ABS('Test Patient'!G18-$G18)<VisitHrs/24))-1)+('Anita Klesch'!$B18=$F18)*($G18<DayEnd)*($G18+VisitHrs/24>DayStart)+('Anita Klesch'!$C18=$F18)*((($G18+VisitHrs/24>DayEnd)+($G18<DayStart))>0)+('Test Patient 2'!$B18=$F18)*($G18<DayEnd)*($G18+VisitHrs/24>DayStart)+('Test Patient 2'!$C18=$F18)*((($G18+VisitHrs/24>DayEnd)+($G18<DayStart))>0)>=1,1,0),0) -> 0 | M18: =IF($H18=1,$B18,"") -> Roderick | N18: =IF($H18=1,$D18,"") -> Rochelle | O18: =IF($H18=1,$F18,"") -> 0
A19: =A18+1 -> 46225 | B19: Rochelle | D19: Rochelle | H19: =IF($A19="",0,IF(AND(OR(NOT(ISNUMBER(LL_Start)),LL_Start=0,$A19>=LL_Start),OR(NOT(ISNUMBER(LL_End)),LL_End=0,$A19<=LL_End)),1,0)) -> 1 | I19: =IF($H19=1,($B19<>"")+($D19<>"")+($F19<>""),0) -> 2 | J19: =IF(AND($H19=1,$B19<>"",ISNUMBER($C19)),IF(((('Lucy Levene'!B19=$B19)*ISNUMBER('Lucy Levene'!C19)*(ABS('Lucy Levene'!C19-$C19)<VisitHrs/24)+('Lucy Levene'!D19=$B19)*ISNUMBER('Lucy Levene'!E19)*(ABS('Lucy Levene'!E19-$C19)<VisitHrs/24)+('Lucy Levene'!F19=$B19)*ISNUMBER('Lucy Levene'!G19)*(ABS('Lucy Levene'!G19-$C19)<VisitHrs/24)+('Tom Bock'!B19=$B19)*ISNUMBER('Tom Bock'!C19)*(ABS('Tom Bock'!C19-$C19)<VisitHrs/24)+('Tom Bock'!D19=$B19)*ISNUMBER('Tom Bock'!E19)*(ABS('Tom Bock'!E19-$C19)<VisitHrs/24)+('Tom Bock'!F19=$B19)*ISNUMBER('Tom Bock'!G19)*(ABS('Tom Bock'!G19-$C19)<VisitHrs/24)+(Jeremy!B19=$B19)*ISNUMBER(Jeremy!C19)*(ABS(Jeremy!C19-$C19)<VisitHrs/24)+(Jeremy!D19=$B19)*ISNUMBER(Jeremy!E19)*(ABS(Jeremy!E19-$C19)<VisitHrs/24)+(Jeremy!F19=$B19)*ISNUMBER(Jeremy!G19)*(ABS(Jeremy!G19-$C19)<VisitHrs/24)+('Test Patient'!B19=$B19)*ISNUMBER('Test Patient'!C19)*(ABS('Test Patient'!C19-$C19)<VisitHrs/24)+('Test Patient'!D19=$B19)*ISNUMBER('Test Patient'!E19)*(ABS('Test Patient'!E19-$C19)<VisitHrs/24)+('Test Patient'!F19=$B19)*ISNUMBER('Test Patient'!G19)*(ABS('Test Patient'!G19-$C19)<VisitHrs/24))-1)+('Anita Klesch'!$B19=$B19)*($C19<DayEnd)*($C19+VisitHrs/24>DayStart)+('Anita Klesch'!$C19=$B19)*((($C19+VisitHrs/24>DayEnd)+($C19<DayStart))>0)+('Test Patient 2'!$B19=$B19)*($C19<DayEnd)*($C19+VisitHrs/24>DayStart)+('Test Patient 2'!$C19=$B19)*((($C19+VisitHrs/24>DayEnd)+($C19<DayStart))>0)>=1,1,0),0) -> 0 | K19: =IF(AND($H19=1,$D19<>"",ISNUMBER($E19)),IF(((('Lucy Levene'!B19=$D19)*ISNUMBER('Lucy Levene'!C19)*(ABS('Lucy Levene'!C19-$E19)<VisitHrs/24)+('Lucy Levene'!D19=$D19)*ISNUMBER('Lucy Levene'!E19)*(ABS('Lucy Levene'!E19-$E19)<VisitHrs/24)+('Lucy Levene'!F19=$D19)*ISNUMBER('Lucy Levene'!G19)*(ABS('Lucy Levene'!G19-$E19)<VisitHrs/24)+('Tom Bock'!B19=$D19)*ISNUMBER('Tom Bock'!C19)*(ABS('Tom Bock'!C19-$E19)<VisitHrs/24)+('Tom Bock'!D19=$D19)*ISNUMBER('Tom Bock'!E19)*(ABS('Tom Bock'!E19-$E19)<VisitHrs/24)+('Tom Bock'!F19=$D19)*ISNUMBER('Tom Bock'!G19)*(ABS('Tom Bock'!G19-$E19)<VisitHrs/24)+(Jeremy!B19=$D19)*ISNUMBER(Jeremy!C19)*(ABS(Jeremy!C19-$E19)<VisitHrs/24)+(Jeremy!D19=$D19)*ISNUMBER(Jeremy!E19)*(ABS(Jeremy!E19-$E19)<VisitHrs/24)+(Jeremy!F19=$D19)*ISNUMBER(Jeremy!G19)*(ABS(Jeremy!G19-$E19)<VisitHrs/24)+('Test Patient'!B19=$D19)*ISNUMBER('Test Patient'!C19)*(ABS('Test Patient'!C19-$E19)<VisitHrs/24)+('Test Patient'!D19=$D19)*ISNUMBER('Test Patient'!E19)*(ABS('Test Patient'!E19-$E19)<VisitHrs/24)+('Test Patient'!F19=$D19)*ISNUMBER('Test Patient'!G19)*(ABS('Test Patient'!G19-$E19)<VisitHrs/24))-1)+('Anita Klesch'!$B19=$D19)*($E19<DayEnd)*($E19+VisitHrs/24>DayStart)+('Anita Klesch'!$C19=$D19)*((($E19+VisitHrs/24>DayEnd)+($E19<DayStart))>0)+('Test Patient 2'!$B19=$D19)*($E19<DayEnd)*($E19+VisitHrs/24>DayStart)+('Test Patient 2'!$C19=$D19)*((($E19+VisitHrs/24>DayEnd)+($E19<DayStart))>0)>=1,1,0),0) -> 0 | L19: =IF(AND($H19=1,$F19<>"",ISNUMBER($G19)),IF(((('Lucy Levene'!B19=$F19)*ISNUMBER('Lucy Levene'!C19)*(ABS('Lucy Levene'!C19-$G19)<VisitHrs/24)+('Lucy Levene'!D19=$F19)*ISNUMBER('Lucy Levene'!E19)*(ABS('Lucy Levene'!E19-$G19)<VisitHrs/24)+('Lucy Levene'!F19=$F19)*ISNUMBER('Lucy Levene'!G19)*(ABS('Lucy Levene'!G19-$G19)<VisitHrs/24)+('Tom Bock'!B19=$F19)*ISNUMBER('Tom Bock'!C19)*(ABS('Tom Bock'!C19-$G19)<VisitHrs/24)+('Tom Bock'!D19=$F19)*ISNUMBER('Tom Bock'!E19)*(ABS('Tom Bock'!E19-$G19)<VisitHrs/24)+('Tom Bock'!F19=$F19)*ISNUMBER('Tom Bock'!G19)*(ABS('Tom Bock'!G19-$G19)<VisitHrs/24)+(Jeremy!B19=$F19)*ISNUMBER(Jeremy!C19)*(ABS(Jeremy!C19-$G19)<VisitHrs/24)+(Jeremy!D19=$F19)*ISNUMBER(Jeremy!E19)*(ABS(Jeremy!E19-$G19)<VisitHrs/24)+(Jeremy!F19=$F19)*ISNUMBER(Jeremy!G19)*(ABS(Jeremy!G19-$G19)<VisitHrs/24)+('Test Patient'!B19=$F19)*ISNUMBER('Test Patient'!C19)*(ABS('Test Patient'!C19-$G19)<VisitHrs/24)+('Test Patient'!D19=$F19)*ISNUMBER('Test Patient'!E19)*(ABS('Test Patient'!E19-$G19)<VisitHrs/24)+('Test Patient'!F19=$F19)*ISNUMBER('Test Patient'!G19)*(ABS('Test Patient'!G19-$G19)<VisitHrs/24))-1)+('Anita Klesch'!$B19=$F19)*($G19<DayEnd)*($G19+VisitHrs/24>DayStart)+('Anita Klesch'!$C19=$F19)*((($G19+VisitHrs/24>DayEnd)+($G19<DayStart))>0)+('Test Patient 2'!$B19=$F19)*($G19<DayEnd)*($G19+VisitHrs/24>DayStart)+('Test Patient 2'!$C19=$F19)*((($G19+VisitHrs/24>DayEnd)+($G19<DayStart))>0)>=1,1,0),0) -> 0 | M19: =IF($H19=1,$B19,"") -> Rochelle | N19: =IF($H19=1,$D19,"") -> Rochelle | O19: =IF($H19=1,$F19,"") -> 0
... A29: =A28+1 -> 46235 | B29: Rochelle | D29: Roderick | H29: =IF($A29="",0,IF(AND(OR(NOT(ISNUMBER(LL_Start)),LL_Start=0,$A29>=LL_Start),OR(NOT(ISNUMBER(LL_End)),LL_End=0,$A29<=LL_End)),1,0)) -> 1 | I29: =IF($H29=1,($B29<>"")+($D29<>"")+($F29<>""),0) -> 2 | J29: =IF(AND($H29=1,$B29<>"",ISNUMBER($C29)),IF(((('Lucy Levene'!B29=$B29)*ISNUMBER('Lucy Levene'!C29)*(ABS('Lucy Levene'!C29-$C29)<VisitHrs/24)+('Lucy Levene'!D29=$B29)*ISNUMBER('Lucy Levene'!E29)*(ABS('Lucy Levene'!E29-$C29)<VisitHrs/24)+('Lucy Levene'!F29=$B29)*ISNUMBER('Lucy Levene'!G29)*(ABS('Lucy Levene'!G29-$C29)<VisitHrs/24)+('Tom Bock'!B29=$B29)*ISNUMBER('Tom Bock'!C29)*(ABS('Tom Bock'!C29-$C29)<VisitHrs/24)+('Tom Bock'!D29=$B29)*ISNUMBER('Tom Bock'!E29)*(ABS('Tom Bock'!E29-$C29)<VisitHrs/24)+('Tom Bock'!F29=$B29)*ISNUMBER('Tom Bock'!G29)*(ABS('Tom Bock'!G29-$C29)<VisitHrs/24)+(Jeremy!B29=$B29)*ISNUMBER(Jeremy!C29)*(ABS(Jeremy!C29-$C29)<VisitHrs/24)+(Jeremy!D29=$B29)*ISNUMBER(Jeremy!E29)*(ABS(Jeremy!E29-$C29)<VisitHrs/24)+(Jeremy!F29=$B29)*ISNUMBER(Jeremy!G29)*(ABS(Jeremy!G29-$C29)<VisitHrs/24)+('Test Patient'!B29=$B29)*ISNUMBER('Test Patient'!C29)*(ABS('Test Patient'!C29-$C29)<VisitHrs/24)+('Test Patient'!D29=$B29)*ISNUMBER('Test Patient'!E29)*(ABS('Test Patient'!E29-$C29)<VisitHrs/24)+('Test Patient'!F29=$B29)*ISNUMBER('Test Patient'!G29)*(ABS('Test Patient'!G29-$C29)<VisitHrs/24))-1)+('Anita Klesch'!$B29=$B29)*($C29<DayEnd)*($C29+VisitHrs/24>DayStart)+('Anita Klesch'!$C29=$B29)*((($C29+VisitHrs/24>DayEnd)+($C29<DayStart))>0)+('Test Patient 2'!$B29=$B29)*($C29<DayEnd)*($C29+VisitHrs/24>DayStart)+('Test Patient 2'!$C29=$B29)*((($C29+VisitHrs/24>DayEnd)+($C29<DayStart))>0)>=1,1,0),0) -> 0 | K29: =IF(AND($H29=1,$D29<>"",ISNUMBER($E29)),IF(((('Lucy Levene'!B29=$D29)*ISNUMBER('Lucy Levene'!C29)*(ABS('Lucy Levene'!C29-$E29)<VisitHrs/24)+('Lucy Levene'!D29=$D29)*ISNUMBER('Lucy Levene'!E29)*(ABS('Lucy Levene'!E29-$E29)<VisitHrs/24)+('Lucy Levene'!F29=$D29)*ISNUMBER('Lucy Levene'!G29)*(ABS('Lucy Levene'!G29-$E29)<VisitHrs/24)+('Tom Bock'!B29=$D29)*ISNUMBER('Tom Bock'!C29)*(ABS('Tom Bock'!C29-$E29)<VisitHrs/24)+('Tom Bock'!D29=$D29)*ISNUMBER('Tom Bock'!E29)*(ABS('Tom Bock'!E29-$E29)<VisitHrs/24)+('Tom Bock'!F29=$D29)*ISNUMBER('Tom Bock'!G29)*(ABS('Tom Bock'!G29-$E29)<VisitHrs/24)+(Jeremy!B29=$D29)*ISNUMBER(Jeremy!C29)*(ABS(Jeremy!C29-$E29)<VisitHrs/24)+(Jeremy!D29=$D29)*ISNUMBER(Jeremy!E29)*(ABS(Jeremy!E29-$E29)<VisitHrs/24)+(Jeremy!F29=$D29)*ISNUMBER(Jeremy!G29)*(ABS(Jeremy!G29-$E29)<VisitHrs/24)+('Test Patient'!B29=$D29)*ISNUMBER('Test Patient'!C29)*(ABS('Test Patient'!C29-$E29)<VisitHrs/24)+('Test Patient'!D29=$D29)*ISNUMBER('Test Patient'!E29)*(ABS('Test Patient'!E29-$E29)<VisitHrs/24)+('Test Patient'!F29=$D29)*ISNUMBER('Test Patient'!G29)*(ABS('Test Patient'!G29-$E29)<VisitHrs/24))-1)+('Anita Klesch'!$B29=$D29)*($E29<DayEnd)*($E29+VisitHrs/24>DayStart)+('Anita Klesch'!$C29=$D29)*((($E29+VisitHrs/24>DayEnd)+($E29<DayStart))>0)+('Test Patient 2'!$B29=$D29)*($E29<DayEnd)*($E29+VisitHrs/24>DayStart)+('Test Patient 2'!$C29=$D29)*((($E29+VisitHrs/24>DayEnd)+($E29<DayStart))>0)>=1,1,0),0) -> 0 | L29: =IF(AND($H29=1,$F29<>"",ISNUMBER($G29)),IF(((('Lucy Levene'!B29=$F29)*ISNUMBER('Lucy Levene'!C29)*(ABS('Lucy Levene'!C29-$G29)<VisitHrs/24)+('Lucy Levene'!D29=$F29)*ISNUMBER('Lucy Levene'!E29)*(ABS('Lucy Levene'!E29-$G29)<VisitHrs/24)+('Lucy Levene'!F29=$F29)*ISNUMBER('Lucy Levene'!G29)*(ABS('Lucy Levene'!G29-$G29)<VisitHrs/24)+('Tom Bock'!B29=$F29)*ISNUMBER('Tom Bock'!C29)*(ABS('Tom Bock'!C29-$G29)<VisitHrs/24)+('Tom Bock'!D29=$F29)*ISNUMBER('Tom Bock'!E29)*(ABS('Tom Bock'!E29-$G29)<VisitHrs/24)+('Tom Bock'!F29=$F29)*ISNUMBER('Tom Bock'!G29)*(ABS('Tom Bock'!G29-$G29)<VisitHrs/24)+(Jeremy!B29=$F29)*ISNUMBER(Jeremy!C29)*(ABS(Jeremy!C29-$G29)<VisitHrs/24)+(Jeremy!D29=$F29)*ISNUMBER(Jeremy!E29)*(ABS(Jeremy!E29-$G29)<VisitHrs/24)+(Jeremy!F29=$F29)*ISNUMBER(Jeremy!G29)*(ABS(Jeremy!G29-$G29)<VisitHrs/24)+('Test Patient'!B29=$F29)*ISNUMBER('Test Patient'!C29)*(ABS('Test Patient'!C29-$G29)<VisitHrs/24)+('Test Patient'!D29=$F29)*ISNUMBER('Test Patient'!E29)*(ABS('Test Patient'!E29-$G29)<VisitHrs/24)+('Test Patient'!F29=$F29)*ISNUMBER('Test Patient'!G29)*(ABS('Test Patient'!G29-$G29)<VisitHrs/24))-1)+('Anita Klesch'!$B29=$F29)*($G29<DayEnd)*($G29+VisitHrs/24>DayStart)+('Anita Klesch'!$C29=$F29)*((($G29+VisitHrs/24>DayEnd)+($G29<DayStart))>0)+('Test Patient 2'!$B29=$F29)*($G29<DayEnd)*($G29+VisitHrs/24>DayStart)+('Test Patient 2'!$C29=$F29)*((($G29+VisitHrs/24>DayEnd)+($G29<DayStart))>0)>=1,1,0),0) -> 0 | M29: =IF($H29=1,$B29,"") -> Rochelle | N29: =IF($H29=1,$D29,"") -> Roderick | O29: =IF($H29=1,$F29,"") -> 0
A30: =A29+1 -> 46236 | H30: =IF($A30="",0,IF(AND(OR(NOT(ISNUMBER(LL_Start)),LL_Start=0,$A30>=LL_Start),OR(NOT(ISNUMBER(LL_End)),LL_End=0,$A30<=LL_End)),1,0)) -> 1 | I30: =IF($H30=1,($B30<>"")+($D30<>"")+($F30<>""),0) -> 0 | J30: =IF(AND($H30=1,$B30<>"",ISNUMBER($C30)),IF(((('Lucy Levene'!B30=$B30)*ISNUMBER('Lucy Levene'!C30)*(ABS('Lucy Levene'!C30-$C30)<VisitHrs/24)+('Lucy Levene'!D30=$B30)*ISNUMBER('Lucy Levene'!E30)*(ABS('Lucy Levene'!E30-$C30)<VisitHrs/24)+('Lucy Levene'!F30=$B30)*ISNUMBER('Lucy Levene'!G30)*(ABS('Lucy Levene'!G30-$C30)<VisitHrs/24)+('Tom Bock'!B30=$B30)*ISNUMBER('Tom Bock'!C30)*(ABS('Tom Bock'!C30-$C30)<VisitHrs/24)+('Tom Bock'!D30=$B30)*ISNUMBER('Tom Bock'!E30)*(ABS('Tom Bock'!E30-$C30)<VisitHrs/24)+('Tom Bock'!F30=$B30)*ISNUMBER('Tom Bock'!G30)*(ABS('Tom Bock'!G30-$C30)<VisitHrs/24)+(Jeremy!B30=$B30)*ISNUMBER(Jeremy!C30)*(ABS(Jeremy!C30-$C30)<VisitHrs/24)+(Jeremy!D30=$B30)*ISNUMBER(Jeremy!E30)*(ABS(Jeremy!E30-$C30)<VisitHrs/24)+(Jeremy!F30=$B30)*ISNUMBER(Jeremy!G30)*(ABS(Jeremy!G30-$C30)<VisitHrs/24)+('Test Patient'!B30=$B30)*ISNUMBER('Test Patient'!C30)*(ABS('Test Patient'!C30-$C30)<VisitHrs/24)+('Test Patient'!D30=$B30)*ISNUMBER('Test Patient'!E30)*(ABS('Test Patient'!E30-$C30)<VisitHrs/24)+('Test Patient'!F30=$B30)*ISNUMBER('Test Patient'!G30)*(ABS('Test Patient'!G30-$C30)<VisitHrs/24))-1)+('Anita Klesch'!$B30=$B30)*($C30<DayEnd)*($C30+VisitHrs/24>DayStart)+('Anita Klesch'!$C30=$B30)*((($C30+VisitHrs/24>DayEnd)+($C30<DayStart))>0)+('Test Patient 2'!$B30=$B30)*($C30<DayEnd)*($C30+VisitHrs/24>DayStart)+('Test Patient 2'!$C30=$B30)*((($C30+VisitHrs/24>DayEnd)+($C30<DayStart))>0)>=1,1,0),0) -> 0 | K30: =IF(AND($H30=1,$D30<>"",ISNUMBER($E30)),IF(((('Lucy Levene'!B30=$D30)*ISNUMBER('Lucy Levene'!C30)*(ABS('Lucy Levene'!C30-$E30)<VisitHrs/24)+('Lucy Levene'!D30=$D30)*ISNUMBER('Lucy Levene'!E30)*(ABS('Lucy Levene'!E30-$E30)<VisitHrs/24)+('Lucy Levene'!F30=$D30)*ISNUMBER('Lucy Levene'!G30)*(ABS('Lucy Levene'!G30-$E30)<VisitHrs/24)+('Tom Bock'!B30=$D30)*ISNUMBER('Tom Bock'!C30)*(ABS('Tom Bock'!C30-$E30)<VisitHrs/24)+('Tom Bock'!D30=$D30)*ISNUMBER('Tom Bock'!E30)*(ABS('Tom Bock'!E30-$E30)<VisitHrs/24)+('Tom Bock'!F30=$D30)*ISNUMBER('Tom Bock'!G30)*(ABS('Tom Bock'!G30-$E30)<VisitHrs/24)+(Jeremy!B30=$D30)*ISNUMBER(Jeremy!C30)*(ABS(Jeremy!C30-$E30)<VisitHrs/24)+(Jeremy!D30=$D30)*ISNUMBER(Jeremy!E30)*(ABS(Jeremy!E30-$E30)<VisitHrs/24)+(Jeremy!F30=$D30)*ISNUMBER(Jeremy!G30)*(ABS(Jeremy!G30-$E30)<VisitHrs/24)+('Test Patient'!B30=$D30)*ISNUMBER('Test Patient'!C30)*(ABS('Test Patient'!C30-$E30)<VisitHrs/24)+('Test Patient'!D30=$D30)*ISNUMBER('Test Patient'!E30)*(ABS('Test Patient'!E30-$E30)<VisitHrs/24)+('Test Patient'!F30=$D30)*ISNUMBER('Test Patient'!G30)*(ABS('Test Patient'!G30-$E30)<VisitHrs/24))-1)+('Anita Klesch'!$B30=$D30)*($E30<DayEnd)*($E30+VisitHrs/24>DayStart)+('Anita Klesch'!$C30=$D30)*((($E30+VisitHrs/24>DayEnd)+($E30<DayStart))>0)+('Test Patient 2'!$B30=$D30)*($E30<DayEnd)*($E30+VisitHrs/24>DayStart)+('Test Patient 2'!$C30=$D30)*((($E30+VisitHrs/24>DayEnd)+($E30<DayStart))>0)>=1,1,0),0) -> 0 | L30: =IF(AND($H30=1,$F30<>"",ISNUMBER($G30)),IF(((('Lucy Levene'!B30=$F30)*ISNUMBER('Lucy Levene'!C30)*(ABS('Lucy Levene'!C30-$G30)<VisitHrs/24)+('Lucy Levene'!D30=$F30)*ISNUMBER('Lucy Levene'!E30)*(ABS('Lucy Levene'!E30-$G30)<VisitHrs/24)+('Lucy Levene'!F30=$F30)*ISNUMBER('Lucy Levene'!G30)*(ABS('Lucy Levene'!G30-$G30)<VisitHrs/24)+('Tom Bock'!B30=$F30)*ISNUMBER('Tom Bock'!C30)*(ABS('Tom Bock'!C30-$G30)<VisitHrs/24)+('Tom Bock'!D30=$F30)*ISNUMBER('Tom Bock'!E30)*(ABS('Tom Bock'!E30-$G30)<VisitHrs/24)+('Tom Bock'!F30=$F30)*ISNUMBER('Tom Bock'!G30)*(ABS('Tom Bock'!G30-$G30)<VisitHrs/24)+(Jeremy!B30=$F30)*ISNUMBER(Jeremy!C30)*(ABS(Jeremy!C30-$G30)<VisitHrs/24)+(Jeremy!D30=$F30)*ISNUMBER(Jeremy!E30)*(ABS(Jeremy!E30-$G30)<VisitHrs/24)+(Jeremy!F30=$F30)*ISNUMBER(Jeremy!G30)*(ABS(Jeremy!G30-$G30)<VisitHrs/24)+('Test Patient'!B30=$F30)*ISNUMBER('Test Patient'!C30)*(ABS('Test Patient'!C30-$G30)<VisitHrs/24)+('Test Patient'!D30=$F30)*ISNUMBER('Test Patient'!E30)*(ABS('Test Patient'!E30-$G30)<VisitHrs/24)+('Test Patient'!F30=$F30)*ISNUMBER('Test Patient'!G30)*(ABS('Test Patient'!G30-$G30)<VisitHrs/24))-1)+('Anita Klesch'!$B30=$F30)*($G30<DayEnd)*($G30+VisitHrs/24>DayStart)+('Anita Klesch'!$C30=$F30)*((($G30+VisitHrs/24>DayEnd)+($G30<DayStart))>0)+('Test Patient 2'!$B30=$F30)*($G30<DayEnd)*($G30+VisitHrs/24>DayStart)+('Test Patient 2'!$C30=$F30)*((($G30+VisitHrs/24>DayEnd)+($G30<DayStart))>0)>=1,1,0),0) -> 0 | M30: =IF($H30=1,$B30,"") -> 0 | N30: =IF($H30=1,$D30,"") -> 0 | O30: =IF($H30=1,$F30,"") -> 0
A31: =A30+1 -> 46237 | H31: =IF($A31="",0,IF(AND(OR(NOT(ISNUMBER(LL_Start)),LL_Start=0,$A31>=LL_Start),OR(NOT(ISNUMBER(LL_End)),LL_End=0,$A31<=LL_End)),1,0)) -> 1 | I31: =IF($H31=1,($B31<>"")+($D31<>"")+($F31<>""),0) -> 0 | J31: =IF(AND($H31=1,$B31<>"",ISNUMBER($C31)),IF(((('Lucy Levene'!B31=$B31)*ISNUMBER('Lucy Levene'!C31)*(ABS('Lucy Levene'!C31-$C31)<VisitHrs/24)+('Lucy Levene'!D31=$B31)*ISNUMBER('Lucy Levene'!E31)*(ABS('Lucy Levene'!E31-$C31)<VisitHrs/24)+('Lucy Levene'!F31=$B31)*ISNUMBER('Lucy Levene'!G31)*(ABS('Lucy Levene'!G31-$C31)<VisitHrs/24)+('Tom Bock'!B31=$B31)*ISNUMBER('Tom Bock'!C31)*(ABS('Tom Bock'!C31-$C31)<VisitHrs/24)+('Tom Bock'!D31=$B31)*ISNUMBER('Tom Bock'!E31)*(ABS('Tom Bock'!E31-$C31)<VisitHrs/24)+('Tom Bock'!F31=$B31)*ISNUMBER('Tom Bock'!G31)*(ABS('Tom Bock'!G31-$C31)<VisitHrs/24)+(Jeremy!B31=$B31)*ISNUMBER(Jeremy!C31)*(ABS(Jeremy!C31-$C31)<VisitHrs/24)+(Jeremy!D31=$B31)*ISNUMBER(Jeremy!E31)*(ABS(Jeremy!E31-$C31)<VisitHrs/24)+(Jeremy!F31=$B31)*ISNUMBER(Jeremy!G31)*(ABS(Jeremy!G31-$C31)<VisitHrs/24)+('Test Patient'!B31=$B31)*ISNUMBER('Test Patient'!C31)*(ABS('Test Patient'!C31-$C31)<VisitHrs/24)+('Test Patient'!D31=$B31)*ISNUMBER('Test Patient'!E31)*(ABS('Test Patient'!E31-$C31)<VisitHrs/24)+('Test Patient'!F31=$B31)*ISNUMBER('Test Patient'!G31)*(ABS('Test Patient'!G31-$C31)<VisitHrs/24))-1)+('Anita Klesch'!$B31=$B31)*($C31<DayEnd)*($C31+VisitHrs/24>DayStart)+('Anita Klesch'!$C31=$B31)*((($C31+VisitHrs/24>DayEnd)+($C31<DayStart))>0)+('Test Patient 2'!$B31=$B31)*($C31<DayEnd)*($C31+VisitHrs/24>DayStart)+('Test Patient 2'!$C31=$B31)*((($C31+VisitHrs/24>DayEnd)+($C31<DayStart))>0)>=1,1,0),0) -> 0 | K31: =IF(AND($H31=1,$D31<>"",ISNUMBER($E31)),IF(((('Lucy Levene'!B31=$D31)*ISNUMBER('Lucy Levene'!C31)*(ABS('Lucy Levene'!C31-$E31)<VisitHrs/24)+('Lucy Levene'!D31=$D31)*ISNUMBER('Lucy Levene'!E31)*(ABS('Lucy Levene'!E31-$E31)<VisitHrs/24)+('Lucy Levene'!F31=$D31)*ISNUMBER('Lucy Levene'!G31)*(ABS('Lucy Levene'!G31-$E31)<VisitHrs/24)+('Tom Bock'!B31=$D31)*ISNUMBER('Tom Bock'!C31)*(ABS('Tom Bock'!C31-$E31)<VisitHrs/24)+('Tom Bock'!D31=$D31)*ISNUMBER('Tom Bock'!E31)*(ABS('Tom Bock'!E31-$E31)<VisitHrs/24)+('Tom Bock'!F31=$D31)*ISNUMBER('Tom Bock'!G31)*(ABS('Tom Bock'!G31-$E31)<VisitHrs/24)+(Jeremy!B31=$D31)*ISNUMBER(Jeremy!C31)*(ABS(Jeremy!C31-$E31)<VisitHrs/24)+(Jeremy!D31=$D31)*ISNUMBER(Jeremy!E31)*(ABS(Jeremy!E31-$E31)<VisitHrs/24)+(Jeremy!F31=$D31)*ISNUMBER(Jeremy!G31)*(ABS(Jeremy!G31-$E31)<VisitHrs/24)+('Test Patient'!B31=$D31)*ISNUMBER('Test Patient'!C31)*(ABS('Test Patient'!C31-$E31)<VisitHrs/24)+('Test Patient'!D31=$D31)*ISNUMBER('Test Patient'!E31)*(ABS('Test Patient'!E31-$E31)<VisitHrs/24)+('Test Patient'!F31=$D31)*ISNUMBER('Test Patient'!G31)*(ABS('Test Patient'!G31-$E31)<VisitHrs/24))-1)+('Anita Klesch'!$B31=$D31)*($E31<DayEnd)*($E31+VisitHrs/24>DayStart)+('Anita Klesch'!$C31=$D31)*((($E31+VisitHrs/24>DayEnd)+($E31<DayStart))>0)+('Test Patient 2'!$B31=$D31)*($E31<DayEnd)*($E31+VisitHrs/24>DayStart)+('Test Patient 2'!$C31=$D31)*((($E31+VisitHrs/24>DayEnd)+($E31<DayStart))>0)>=1,1,0),0) -> 0 | L31: =IF(AND($H31=1,$F31<>"",ISNUMBER($G31)),IF(((('Lucy Levene'!B31=$F31)*ISNUMBER('Lucy Levene'!C31)*(ABS('Lucy Levene'!C31-$G31)<VisitHrs/24)+('Lucy Levene'!D31=$F31)*ISNUMBER('Lucy Levene'!E31)*(ABS('Lucy Levene'!E31-$G31)<VisitHrs/24)+('Lucy Levene'!F31=$F31)*ISNUMBER('Lucy Levene'!G31)*(ABS('Lucy Levene'!G31-$G31)<VisitHrs/24)+('Tom Bock'!B31=$F31)*ISNUMBER('Tom Bock'!C31)*(ABS('Tom Bock'!C31-$G31)<VisitHrs/24)+('Tom Bock'!D31=$F31)*ISNUMBER('Tom Bock'!E31)*(ABS('Tom Bock'!E31-$G31)<VisitHrs/24)+('Tom Bock'!F31=$F31)*ISNUMBER('Tom Bock'!G31)*(ABS('Tom Bock'!G31-$G31)<VisitHrs/24)+(Jeremy!B31=$F31)*ISNUMBER(Jeremy!C31)*(ABS(Jeremy!C31-$G31)<VisitHrs/24)+(Jeremy!D31=$F31)*ISNUMBER(Jeremy!E31)*(ABS(Jeremy!E31-$G31)<VisitHrs/24)+(Jeremy!F31=$F31)*ISNUMBER(Jeremy!G31)*(ABS(Jeremy!G31-$G31)<VisitHrs/24)+('Test Patient'!B31=$F31)*ISNUMBER('Test Patient'!C31)*(ABS('Test Patient'!C31-$G31)<VisitHrs/24)+('Test Patient'!D31=$F31)*ISNUMBER('Test Patient'!E31)*(ABS('Test Patient'!E31-$G31)<VisitHrs/24)+('Test Patient'!F31=$F31)*ISNUMBER('Test Patient'!G31)*(ABS('Test Patient'!G31-$G31)<VisitHrs/24))-1)+('Anita Klesch'!$B31=$F31)*($G31<DayEnd)*($G31+VisitHrs/24>DayStart)+('Anita Klesch'!$C31=$F31)*((($G31+VisitHrs/24>DayEnd)+($G31<DayStart))>0)+('Test Patient 2'!$B31=$F31)*($G31<DayEnd)*($G31+VisitHrs/24>DayStart)+('Test Patient 2'!$C31=$F31)*((($G31+VisitHrs/24>DayEnd)+($G31<DayStart))>0)>=1,1,0),0) -> 0 | M31: =IF($H31=1,$B31,"") -> 0 | N31: =IF($H31=1,$D31,"") -> 0 | O31: =IF($H31=1,$F31,"") -> 0
A32: =A31+1 -> 46238 | H32: =IF($A32="",0,IF(AND(OR(NOT(ISNUMBER(LL_Start)),LL_Start=0,$A32>=LL_Start),OR(NOT(ISNUMBER(LL_End)),LL_End=0,$A32<=LL_End)),1,0)) -> 1 | I32: =IF($H32=1,($B32<>"")+($D32<>"")+($F32<>""),0) -> 0 | J32: =IF(AND($H32=1,$B32<>"",ISNUMBER($C32)),IF(((('Lucy Levene'!B32=$B32)*ISNUMBER('Lucy Levene'!C32)*(ABS('Lucy Levene'!C32-$C32)<VisitHrs/24)+('Lucy Levene'!D32=$B32)*ISNUMBER('Lucy Levene'!E32)*(ABS('Lucy Levene'!E32-$C32)<VisitHrs/24)+('Lucy Levene'!F32=$B32)*ISNUMBER('Lucy Levene'!G32)*(ABS('Lucy Levene'!G32-$C32)<VisitHrs/24)+('Tom Bock'!B32=$B32)*ISNUMBER('Tom Bock'!C32)*(ABS('Tom Bock'!C32-$C32)<VisitHrs/24)+('Tom Bock'!D32=$B32)*ISNUMBER('Tom Bock'!E32)*(ABS('Tom Bock'!E32-$C32)<VisitHrs/24)+('Tom Bock'!F32=$B32)*ISNUMBER('Tom Bock'!G32)*(ABS('Tom Bock'!G32-$C32)<VisitHrs/24)+(Jeremy!B32=$B32)*ISNUMBER(Jeremy!C32)*(ABS(Jeremy!C32-$C32)<VisitHrs/24)+(Jeremy!D32=$B32)*ISNUMBER(Jeremy!E32)*(ABS(Jeremy!E32-$C32)<VisitHrs/24)+(Jeremy!F32=$B32)*ISNUMBER(Jeremy!G32)*(ABS(Jeremy!G32-$C32)<VisitHrs/24)+('Test Patient'!B32=$B32)*ISNUMBER('Test Patient'!C32)*(ABS('Test Patient'!C32-$C32)<VisitHrs/24)+('Test Patient'!D32=$B32)*ISNUMBER('Test Patient'!E32)*(ABS('Test Patient'!E32-$C32)<VisitHrs/24)+('Test Patient'!F32=$B32)*ISNUMBER('Test Patient'!G32)*(ABS('Test Patient'!G32-$C32)<VisitHrs/24))-1)+('Anita Klesch'!$B32=$B32)*($C32<DayEnd)*($C32+VisitHrs/24>DayStart)+('Anita Klesch'!$C32=$B32)*((($C32+VisitHrs/24>DayEnd)+($C32<DayStart))>0)+('Test Patient 2'!$B32=$B32)*($C32<DayEnd)*($C32+VisitHrs/24>DayStart)+('Test Patient 2'!$C32=$B32)*((($C32+VisitHrs/24>DayEnd)+($C32<DayStart))>0)>=1,1,0),0) -> 0 | K32: =IF(AND($H32=1,$D32<>"",ISNUMBER($E32)),IF(((('Lucy Levene'!B32=$D32)*ISNUMBER('Lucy Levene'!C32)*(ABS('Lucy Levene'!C32-$E32)<VisitHrs/24)+('Lucy Levene'!D32=$D32)*ISNUMBER('Lucy Levene'!E32)*(ABS('Lucy Levene'!E32-$E32)<VisitHrs/24)+('Lucy Levene'!F32=$D32)*ISNUMBER('Lucy Levene'!G32)*(ABS('Lucy Levene'!G32-$E32)<VisitHrs/24)+('Tom Bock'!B32=$D32)*ISNUMBER('Tom Bock'!C32)*(ABS('Tom Bock'!C32-$E32)<VisitHrs/24)+('Tom Bock'!D32=$D32)*ISNUMBER('Tom Bock'!E32)*(ABS('Tom Bock'!E32-$E32)<VisitHrs/24)+('Tom Bock'!F32=$D32)*ISNUMBER('Tom Bock'!G32)*(ABS('Tom Bock'!G32-$E32)<VisitHrs/24)+(Jeremy!B32=$D32)*ISNUMBER(Jeremy!C32)*(ABS(Jeremy!C32-$E32)<VisitHrs/24)+(Jeremy!D32=$D32)*ISNUMBER(Jeremy!E32)*(ABS(Jeremy!E32-$E32)<VisitHrs/24)+(Jeremy!F32=$D32)*ISNUMBER(Jeremy!G32)*(ABS(Jeremy!G32-$E32)<VisitHrs/24)+('Test Patient'!B32=$D32)*ISNUMBER('Test Patient'!C32)*(ABS('Test Patient'!C32-$E32)<VisitHrs/24)+('Test Patient'!D32=$D32)*ISNUMBER('Test Patient'!E32)*(ABS('Test Patient'!E32-$E32)<VisitHrs/24)+('Test Patient'!F32=$D32)*ISNUMBER('Test Patient'!G32)*(ABS('Test Patient'!G32-$E32)<VisitHrs/24))-1)+('Anita Klesch'!$B32=$D32)*($E32<DayEnd)*($E32+VisitHrs/24>DayStart)+('Anita Klesch'!$C32=$D32)*((($E32+VisitHrs/24>DayEnd)+($E32<DayStart))>0)+('Test Patient 2'!$B32=$D32)*($E32<DayEnd)*($E32+VisitHrs/24>DayStart)+('Test Patient 2'!$C32=$D32)*((($E32+VisitHrs/24>DayEnd)+($E32<DayStart))>0)>=1,1,0),0) -> 0 | L32: =IF(AND($H32=1,$F32<>"",ISNUMBER($G32)),IF(((('Lucy Levene'!B32=$F32)*ISNUMBER('Lucy Levene'!C32)*(ABS('Lucy Levene'!C32-$G32)<VisitHrs/24)+('Lucy Levene'!D32=$F32)*ISNUMBER('Lucy Levene'!E32)*(ABS('Lucy Levene'!E32-$G32)<VisitHrs/24)+('Lucy Levene'!F32=$F32)*ISNUMBER('Lucy Levene'!G32)*(ABS('Lucy Levene'!G32-$G32)<VisitHrs/24)+('Tom Bock'!B32=$F32)*ISNUMBER('Tom Bock'!C32)*(ABS('Tom Bock'!C32-$G32)<VisitHrs/24)+('Tom Bock'!D32=$F32)*ISNUMBER('Tom Bock'!E32)*(ABS('Tom Bock'!E32-$G32)<VisitHrs/24)+('Tom Bock'!F32=$F32)*ISNUMBER('Tom Bock'!G32)*(ABS('Tom Bock'!G32-$G32)<VisitHrs/24)+(Jeremy!B32=$F32)*ISNUMBER(Jeremy!C32)*(ABS(Jeremy!C32-$G32)<VisitHrs/24)+(Jeremy!D32=$F32)*ISNUMBER(Jeremy!E32)*(ABS(Jeremy!E32-$G32)<VisitHrs/24)+(Jeremy!F32=$F32)*ISNUMBER(Jeremy!G32)*(ABS(Jeremy!G32-$G32)<VisitHrs/24)+('Test Patient'!B32=$F32)*ISNUMBER('Test Patient'!C32)*(ABS('Test Patient'!C32-$G32)<VisitHrs/24)+('Test Patient'!D32=$F32)*ISNUMBER('Test Patient'!E32)*(ABS('Test Patient'!E32-$G32)<VisitHrs/24)+('Test Patient'!F32=$F32)*ISNUMBER('Test Patient'!G32)*(ABS('Test Patient'!G32-$G32)<VisitHrs/24))-1)+('Anita Klesch'!$B32=$F32)*($G32<DayEnd)*($G32+VisitHrs/24>DayStart)+('Anita Klesch'!$C32=$F32)*((($G32+VisitHrs/24>DayEnd)+($G32<DayStart))>0)+('Test Patient 2'!$B32=$F32)*($G32<DayEnd)*($G32+VisitHrs/24>DayStart)+('Test Patient 2'!$C32=$F32)*((($G32+VisitHrs/24>DayEnd)+($G32<DayStart))>0)>=1,1,0),0) -> 0 | M32: =IF($H32=1,$B32,"") -> 0 | N32: =IF($H32=1,$D32,"") -> 0 | O32: =IF($H32=1,$F32,"") -> 0
A33: =A32+1 -> 46239 | H33: =IF($A33="",0,IF(AND(OR(NOT(ISNUMBER(LL_Start)),LL_Start=0,$A33>=LL_Start),OR(NOT(ISNUMBER(LL_End)),LL_End=0,$A33<=LL_End)),1,0)) -> 1 | I33: =IF($H33=1,($B33<>"")+($D33<>"")+($F33<>""),0) -> 0 | J33: =IF(AND($H33=1,$B33<>"",ISNUMBER($C33)),IF(((('Lucy Levene'!B33=$B33)*ISNUMBER('Lucy Levene'!C33)*(ABS('Lucy Levene'!C33-$C33)<VisitHrs/24)+('Lucy Levene'!D33=$B33)*ISNUMBER('Lucy Levene'!E33)*(ABS('Lucy Levene'!E33-$C33)<VisitHrs/24)+('Lucy Levene'!F33=$B33)*ISNUMBER('Lucy Levene'!G33)*(ABS('Lucy Levene'!G33-$C33)<VisitHrs/24)+('Tom Bock'!B33=$B33)*ISNUMBER('Tom Bock'!C33)*(ABS('Tom Bock'!C33-$C33)<VisitHrs/24)+('Tom Bock'!D33=$B33)*ISNUMBER('Tom Bock'!E33)*(ABS('Tom Bock'!E33-$C33)<VisitHrs/24)+('Tom Bock'!F33=$B33)*ISNUMBER('Tom Bock'!G33)*(ABS('Tom Bock'!G33-$C33)<VisitHrs/24)+(Jeremy!B33=$B33)*ISNUMBER(Jeremy!C33)*(ABS(Jeremy!C33-$C33)<VisitHrs/24)+(Jeremy!D33=$B33)*ISNUMBER(Jeremy!E33)*(ABS(Jeremy!E33-$C33)<VisitHrs/24)+(Jeremy!F33=$B33)*ISNUMBER(Jeremy!G33)*(ABS(Jeremy!G33-$C33)<VisitHrs/24)+('Test Patient'!B33=$B33)*ISNUMBER('Test Patient'!C33)*(ABS('Test Patient'!C33-$C33)<VisitHrs/24)+('Test Patient'!D33=$B33)*ISNUMBER('Test Patient'!E33)*(ABS('Test Patient'!E33-$C33)<VisitHrs/24)+('Test Patient'!F33=$B33)*ISNUMBER('Test Patient'!G33)*(ABS('Test Patient'!G33-$C33)<VisitHrs/24))-1)+('Anita Klesch'!$B33=$B33)*($C33<DayEnd)*($C33+VisitHrs/24>DayStart)+('Anita Klesch'!$C33=$B33)*((($C33+VisitHrs/24>DayEnd)+($C33<DayStart))>0)+('Test Patient 2'!$B33=$B33)*($C33<DayEnd)*($C33+VisitHrs/24>DayStart)+('Test Patient 2'!$C33=$B33)*((($C33+VisitHrs/24>DayEnd)+($C33<DayStart))>0)>=1,1,0),0) -> 0 | K33: =IF(AND($H33=1,$D33<>"",ISNUMBER($E33)),IF(((('Lucy Levene'!B33=$D33)*ISNUMBER('Lucy Levene'!C33)*(ABS('Lucy Levene'!C33-$E33)<VisitHrs/24)+('Lucy Levene'!D33=$D33)*ISNUMBER('Lucy Levene'!E33)*(ABS('Lucy Levene'!E33-$E33)<VisitHrs/24)+('Lucy Levene'!F33=$D33)*ISNUMBER('Lucy Levene'!G33)*(ABS('Lucy Levene'!G33-$E33)<VisitHrs/24)+('Tom Bock'!B33=$D33)*ISNUMBER('Tom Bock'!C33)*(ABS('Tom Bock'!C33-$E33)<VisitHrs/24)+('Tom Bock'!D33=$D33)*ISNUMBER('Tom Bock'!E33)*(ABS('Tom Bock'!E33-$E33)<VisitHrs/24)+('Tom Bock'!F33=$D33)*ISNUMBER('Tom Bock'!G33)*(ABS('Tom Bock'!G33-$E33)<VisitHrs/24)+(Jeremy!B33=$D33)*ISNUMBER(Jeremy!C33)*(ABS(Jeremy!C33-$E33)<VisitHrs/24)+(Jeremy!D33=$D33)*ISNUMBER(Jeremy!E33)*(ABS(Jeremy!E33-$E33)<VisitHrs/24)+(Jeremy!F33=$D33)*ISNUMBER(Jeremy!G33)*(ABS(Jeremy!G33-$E33)<VisitHrs/24)+('Test Patient'!B33=$D33)*ISNUMBER('Test Patient'!C33)*(ABS('Test Patient'!C33-$E33)<VisitHrs/24)+('Test Patient'!D33=$D33)*ISNUMBER('Test Patient'!E33)*(ABS('Test Patient'!E33-$E33)<VisitHrs/24)+('Test Patient'!F33=$D33)*ISNUMBER('Test Patient'!G33)*(ABS('Test Patient'!G33-$E33)<VisitHrs/24))-1)+('Anita Klesch'!$B33=$D33)*($E33<DayEnd)*($E33+VisitHrs/24>DayStart)+('Anita Klesch'!$C33=$D33)*((($E33+VisitHrs/24>DayEnd)+($E33<DayStart))>0)+('Test Patient 2'!$B33=$D33)*($E33<DayEnd)*($E33+VisitHrs/24>DayStart)+('Test Patient 2'!$C33=$D33)*((($E33+VisitHrs/24>DayEnd)+($E33<DayStart))>0)>=1,1,0),0) -> 0 | L33: =IF(AND($H33=1,$F33<>"",ISNUMBER($G33)),IF(((('Lucy Levene'!B33=$F33)*ISNUMBER('Lucy Levene'!C33)*(ABS('Lucy Levene'!C33-$G33)<VisitHrs/24)+('Lucy Levene'!D33=$F33)*ISNUMBER('Lucy Levene'!E33)*(ABS('Lucy Levene'!E33-$G33)<VisitHrs/24)+('Lucy Levene'!F33=$F33)*ISNUMBER('Lucy Levene'!G33)*(ABS('Lucy Levene'!G33-$G33)<VisitHrs/24)+('Tom Bock'!B33=$F33)*ISNUMBER('Tom Bock'!C33)*(ABS('Tom Bock'!C33-$G33)<VisitHrs/24)+('Tom Bock'!D33=$F33)*ISNUMBER('Tom Bock'!E33)*(ABS('Tom Bock'!E33-$G33)<VisitHrs/24)+('Tom Bock'!F33=$F33)*ISNUMBER('Tom Bock'!G33)*(ABS('Tom Bock'!G33-$G33)<VisitHrs/24)+(Jeremy!B33=$F33)*ISNUMBER(Jeremy!C33)*(ABS(Jeremy!C33-$G33)<VisitHrs/24)+(Jeremy!D33=$F33)*ISNUMBER(Jeremy!E33)*(ABS(Jeremy!E33-$G33)<VisitHrs/24)+(Jeremy!F33=$F33)*ISNUMBER(Jeremy!G33)*(ABS(Jeremy!G33-$G33)<VisitHrs/24)+('Test Patient'!B33=$F33)*ISNUMBER('Test Patient'!C33)*(ABS('Test Patient'!C33-$G33)<VisitHrs/24)+('Test Patient'!D33=$F33)*ISNUMBER('Test Patient'!E33)*(ABS('Test Patient'!E33-$G33)<VisitHrs/24)+('Test Patient'!F33=$F33)*ISNUMBER('Test Patient'!G33)*(ABS('Test Patient'!G33-$G33)<VisitHrs/24))-1)+('Anita Klesch'!$B33=$F33)*($G33<DayEnd)*($G33+VisitHrs/24>DayStart)+('Anita Klesch'!$C33=$F33)*((($G33+VisitHrs/24>DayEnd)+($G33<DayStart))>0)+('Test Patient 2'!$B33=$F33)*($G33<DayEnd)*($G33+VisitHrs/24>DayStart)+('Test Patient 2'!$C33=$F33)*((($G33+VisitHrs/24>DayEnd)+($G33<DayStart))>0)>=1,1,0),0) -> 0 | M33: =IF($H33=1,$B33,"") -> 0 | N33: =IF($H33=1,$D33,"") -> 0 | O33: =IF($H33=1,$F33,"") -> 0
A34: =A33+1 -> 46240 | H34: =IF($A34="",0,IF(AND(OR(NOT(ISNUMBER(LL_Start)),LL_Start=0,$A34>=LL_Start),OR(NOT(ISNUMBER(LL_End)),LL_End=0,$A34<=LL_End)),1,0)) -> 1 | I34: =IF($H34=1,($B34<>"")+($D34<>"")+($F34<>""),0) -> 0 | J34: =IF(AND($H34=1,$B34<>"",ISNUMBER($C34)),IF(((('Lucy Levene'!B34=$B34)*ISNUMBER('Lucy Levene'!C34)*(ABS('Lucy Levene'!C34-$C34)<VisitHrs/24)+('Lucy Levene'!D34=$B34)*ISNUMBER('Lucy Levene'!E34)*(ABS('Lucy Levene'!E34-$C34)<VisitHrs/24)+('Lucy Levene'!F34=$B34)*ISNUMBER('Lucy Levene'!G34)*(ABS('Lucy Levene'!G34-$C34)<VisitHrs/24)+('Tom Bock'!B34=$B34)*ISNUMBER('Tom Bock'!C34)*(ABS('Tom Bock'!C34-$C34)<VisitHrs/24)+('Tom Bock'!D34=$B34)*ISNUMBER('Tom Bock'!E34)*(ABS('Tom Bock'!E34-$C34)<VisitHrs/24)+('Tom Bock'!F34=$B34)*ISNUMBER('Tom Bock'!G34)*(ABS('Tom Bock'!G34-$C34)<VisitHrs/24)+(Jeremy!B34=$B34)*ISNUMBER(Jeremy!C34)*(ABS(Jeremy!C34-$C34)<VisitHrs/24)+(Jeremy!D34=$B34)*ISNUMBER(Jeremy!E34)*(ABS(Jeremy!E34-$C34)<VisitHrs/24)+(Jeremy!F34=$B34)*ISNUMBER(Jeremy!G34)*(ABS(Jeremy!G34-$C34)<VisitHrs/24)+('Test Patient'!B34=$B34)*ISNUMBER('Test Patient'!C34)*(ABS('Test Patient'!C34-$C34)<VisitHrs/24)+('Test Patient'!D34=$B34)*ISNUMBER('Test Patient'!E34)*(ABS('Test Patient'!E34-$C34)<VisitHrs/24)+('Test Patient'!F34=$B34)*ISNUMBER('Test Patient'!G34)*(ABS('Test Patient'!G34-$C34)<VisitHrs/24))-1)+('Anita Klesch'!$B34=$B34)*($C34<DayEnd)*($C34+VisitHrs/24>DayStart)+('Anita Klesch'!$C34=$B34)*((($C34+VisitHrs/24>DayEnd)+($C34<DayStart))>0)+('Test Patient 2'!$B34=$B34)*($C34<DayEnd)*($C34+VisitHrs/24>DayStart)+('Test Patient 2'!$C34=$B34)*((($C34+VisitHrs/24>DayEnd)+($C34<DayStart))>0)>=1,1,0),0) -> 0 | K34: =IF(AND($H34=1,$D34<>"",ISNUMBER($E34)),IF(((('Lucy Levene'!B34=$D34)*ISNUMBER('Lucy Levene'!C34)*(ABS('Lucy Levene'!C34-$E34)<VisitHrs/24)+('Lucy Levene'!D34=$D34)*ISNUMBER('Lucy Levene'!E34)*(ABS('Lucy Levene'!E34-$E34)<VisitHrs/24)+('Lucy Levene'!F34=$D34)*ISNUMBER('Lucy Levene'!G34)*(ABS('Lucy Levene'!G34-$E34)<VisitHrs/24)+('Tom Bock'!B34=$D34)*ISNUMBER('Tom Bock'!C34)*(ABS('Tom Bock'!C34-$E34)<VisitHrs/24)+('Tom Bock'!D34=$D34)*ISNUMBER('Tom Bock'!E34)*(ABS('Tom Bock'!E34-$E34)<VisitHrs/24)+('Tom Bock'!F34=$D34)*ISNUMBER('Tom Bock'!G34)*(ABS('Tom Bock'!G34-$E34)<VisitHrs/24)+(Jeremy!B34=$D34)*ISNUMBER(Jeremy!C34)*(ABS(Jeremy!C34-$E34)<VisitHrs/24)+(Jeremy!D34=$D34)*ISNUMBER(Jeremy!E34)*(ABS(Jeremy!E34-$E34)<VisitHrs/24)+(Jeremy!F34=$D34)*ISNUMBER(Jeremy!G34)*(ABS(Jeremy!G34-$E34)<VisitHrs/24)+('Test Patient'!B34=$D34)*ISNUMBER('Test Patient'!C34)*(ABS('Test Patient'!C34-$E34)<VisitHrs/24)+('Test Patient'!D34=$D34)*ISNUMBER('Test Patient'!E34)*(ABS('Test Patient'!E34-$E34)<VisitHrs/24)+('Test Patient'!F34=$D34)*ISNUMBER('Test Patient'!G34)*(ABS('Test Patient'!G34-$E34)<VisitHrs/24))-1)+('Anita Klesch'!$B34=$D34)*($E34<DayEnd)*($E34+VisitHrs/24>DayStart)+('Anita Klesch'!$C34=$D34)*((($E34+VisitHrs/24>DayEnd)+($E34<DayStart))>0)+('Test Patient 2'!$B34=$D34)*($E34<DayEnd)*($E34+VisitHrs/24>DayStart)+('Test Patient 2'!$C34=$D34)*((($E34+VisitHrs/24>DayEnd)+($E34<DayStart))>0)>=1,1,0),0) -> 0 | L34: =IF(AND($H34=1,$F34<>"",ISNUMBER($G34)),IF(((('Lucy Levene'!B34=$F34)*ISNUMBER('Lucy Levene'!C34)*(ABS('Lucy Levene'!C34-$G34)<VisitHrs/24)+('Lucy Levene'!D34=$F34)*ISNUMBER('Lucy Levene'!E34)*(ABS('Lucy Levene'!E34-$G34)<VisitHrs/24)+('Lucy Levene'!F34=$F34)*ISNUMBER('Lucy Levene'!G34)*(ABS('Lucy Levene'!G34-$G34)<VisitHrs/24)+('Tom Bock'!B34=$F34)*ISNUMBER('Tom Bock'!C34)*(ABS('Tom Bock'!C34-$G34)<VisitHrs/24)+('Tom Bock'!D34=$F34)*ISNUMBER('Tom Bock'!E34)*(ABS('Tom Bock'!E34-$G34)<VisitHrs/24)+('Tom Bock'!F34=$F34)*ISNUMBER('Tom Bock'!G34)*(ABS('Tom Bock'!G34-$G34)<VisitHrs/24)+(Jeremy!B34=$F34)*ISNUMBER(Jeremy!C34)*(ABS(Jeremy!C34-$G34)<VisitHrs/24)+(Jeremy!D34=$F34)*ISNUMBER(Jeremy!E34)*(ABS(Jeremy!E34-$G34)<VisitHrs/24)+(Jeremy!F34=$F34)*ISNUMBER(Jeremy!G34)*(ABS(Jeremy!G34-$G34)<VisitHrs/24)+('Test Patient'!B34=$F34)*ISNUMBER('Test Patient'!C34)*(ABS('Test Patient'!C34-$G34)<VisitHrs/24)+('Test Patient'!D34=$F34)*ISNUMBER('Test Patient'!E34)*(ABS('Test Patient'!E34-$G34)<VisitHrs/24)+('Test Patient'!F34=$F34)*ISNUMBER('Test Patient'!G34)*(ABS('Test Patient'!G34-$G34)<VisitHrs/24))-1)+('Anita Klesch'!$B34=$F34)*($G34<DayEnd)*($G34+VisitHrs/24>DayStart)+('Anita Klesch'!$C34=$F34)*((($G34+VisitHrs/24>DayEnd)+($G34<DayStart))>0)+('Test Patient 2'!$B34=$F34)*($G34<DayEnd)*($G34+VisitHrs/24>DayStart)+('Test Patient 2'!$C34=$F34)*((($G34+VisitHrs/24>DayEnd)+($G34<DayStart))>0)>=1,1,0),0) -> 0 | M34: =IF($H34=1,$B34,"") -> 0 | N34: =IF($H34=1,$D34,"") -> 0 | O34: =IF($H34=1,$F34,"") -> 0
A35: =A34+1 -> 46241 | H35: =IF($A35="",0,IF(AND(OR(NOT(ISNUMBER(LL_Start)),LL_Start=0,$A35>=LL_Start),OR(NOT(ISNUMBER(LL_End)),LL_End=0,$A35<=LL_End)),1,0)) -> 1 | I35: =IF($H35=1,($B35<>"")+($D35<>"")+($F35<>""),0) -> 0 | J35: =IF(AND($H35=1,$B35<>"",ISNUMBER($C35)),IF(((('Lucy Levene'!B35=$B35)*ISNUMBER('Lucy Levene'!C35)*(ABS('Lucy Levene'!C35-$C35)<VisitHrs/24)+('Lucy Levene'!D35=$B35)*ISNUMBER('Lucy Levene'!E35)*(ABS('Lucy Levene'!E35-$C35)<VisitHrs/24)+('Lucy Levene'!F35=$B35)*ISNUMBER('Lucy Levene'!G35)*(ABS('Lucy Levene'!G35-$C35)<VisitHrs/24)+('Tom Bock'!B35=$B35)*ISNUMBER('Tom Bock'!C35)*(ABS('Tom Bock'!C35-$C35)<VisitHrs/24)+('Tom Bock'!D35=$B35)*ISNUMBER('Tom Bock'!E35)*(ABS('Tom Bock'!E35-$C35)<VisitHrs/24)+('Tom Bock'!F35=$B35)*ISNUMBER('Tom Bock'!G35)*(ABS('Tom Bock'!G35-$C35)<VisitHrs/24)+(Jeremy!B35=$B35)*ISNUMBER(Jeremy!C35)*(ABS(Jeremy!C35-$C35)<VisitHrs/24)+(Jeremy!D35=$B35)*ISNUMBER(Jeremy!E35)*(ABS(Jeremy!E35-$C35)<VisitHrs/24)+(Jeremy!F35=$B35)*ISNUMBER(Jeremy!G35)*(ABS(Jeremy!G35-$C35)<VisitHrs/24)+('Test Patient'!B35=$B35)*ISNUMBER('Test Patient'!C35)*(ABS('Test Patient'!C35-$C35)<VisitHrs/24)+('Test Patient'!D35=$B35)*ISNUMBER('Test Patient'!E35)*(ABS('Test Patient'!E35-$C35)<VisitHrs/24)+('Test Patient'!F35=$B35)*ISNUMBER('Test Patient'!G35)*(ABS('Test Patient'!G35-$C35)<VisitHrs/24))-1)+('Anita Klesch'!$B35=$B35)*($C35<DayEnd)*($C35+VisitHrs/24>DayStart)+('Anita Klesch'!$C35=$B35)*((($C35+VisitHrs/24>DayEnd)+($C35<DayStart))>0)+('Test Patient 2'!$B35=$B35)*($C35<DayEnd)*($C35+VisitHrs/24>DayStart)+('Test Patient 2'!$C35=$B35)*((($C35+VisitHrs/24>DayEnd)+($C35<DayStart))>0)>=1,1,0),0) -> 0 | K35: =IF(AND($H35=1,$D35<>"",ISNUMBER($E35)),IF(((('Lucy Levene'!B35=$D35)*ISNUMBER('Lucy Levene'!C35)*(ABS('Lucy Levene'!C35-$E35)<VisitHrs/24)+('Lucy Levene'!D35=$D35)*ISNUMBER('Lucy Levene'!E35)*(ABS('Lucy Levene'!E35-$E35)<VisitHrs/24)+('Lucy Levene'!F35=$D35)*ISNUMBER('Lucy Levene'!G35)*(ABS('Lucy Levene'!G35-$E35)<VisitHrs/24)+('Tom Bock'!B35=$D35)*ISNUMBER('Tom Bock'!C35)*(ABS('Tom Bock'!C35-$E35)<VisitHrs/24)+('Tom Bock'!D35=$D35)*ISNUMBER('Tom Bock'!E35)*(ABS('Tom Bock'!E35-$E35)<VisitHrs/24)+('Tom Bock'!F35=$D35)*ISNUMBER('Tom Bock'!G35)*(ABS('Tom Bock'!G35-$E35)<VisitHrs/24)+(Jeremy!B35=$D35)*ISNUMBER(Jeremy!C35)*(ABS(Jeremy!C35-$E35)<VisitHrs/24)+(Jeremy!D35=$D35)*ISNUMBER(Jeremy!E35)*(ABS(Jeremy!E35-$E35)<VisitHrs/24)+(Jeremy!F35=$D35)*ISNUMBER(Jeremy!G35)*(ABS(Jeremy!G35-$E35)<VisitHrs/24)+('Test Patient'!B35=$D35)*ISNUMBER('Test Patient'!C35)*(ABS('Test Patient'!C35-$E35)<VisitHrs/24)+('Test Patient'!D35=$D35)*ISNUMBER('Test Patient'!E35)*(ABS('Test Patient'!E35-$E35)<VisitHrs/24)+('Test Patient'!F35=$D35)*ISNUMBER('Test Patient'!G35)*(ABS('Test Patient'!G35-$E35)<VisitHrs/24))-1)+('Anita Klesch'!$B35=$D35)*($E35<DayEnd)*($E35+VisitHrs/24>DayStart)+('Anita Klesch'!$C35=$D35)*((($E35+VisitHrs/24>DayEnd)+($E35<DayStart))>0)+('Test Patient 2'!$B35=$D35)*($E35<DayEnd)*($E35+VisitHrs/24>DayStart)+('Test Patient 2'!$C35=$D35)*((($E35+VisitHrs/24>DayEnd)+($E35<DayStart))>0)>=1,1,0),0) -> 0 | L35: =IF(AND($H35=1,$F35<>"",ISNUMBER($G35)),IF(((('Lucy Levene'!B35=$F35)*ISNUMBER('Lucy Levene'!C35)*(ABS('Lucy Levene'!C35-$G35)<VisitHrs/24)+('Lucy Levene'!D35=$F35)*ISNUMBER('Lucy Levene'!E35)*(ABS('Lucy Levene'!E35-$G35)<VisitHrs/24)+('Lucy Levene'!F35=$F35)*ISNUMBER('Lucy Levene'!G35)*(ABS('Lucy Levene'!G35-$G35)<VisitHrs/24)+('Tom Bock'!B35=$F35)*ISNUMBER('Tom Bock'!C35)*(ABS('Tom Bock'!C35-$G35)<VisitHrs/24)+('Tom Bock'!D35=$F35)*ISNUMBER('Tom Bock'!E35)*(ABS('Tom Bock'!E35-$G35)<VisitHrs/24)+('Tom Bock'!F35=$F35)*ISNUMBER('Tom Bock'!G35)*(ABS('Tom Bock'!G35-$G35)<VisitHrs/24)+(Jeremy!B35=$F35)*ISNUMBER(Jeremy!C35)*(ABS(Jeremy!C35-$G35)<VisitHrs/24)+(Jeremy!D35=$F35)*ISNUMBER(Jeremy!E35)*(ABS(Jeremy!E35-$G35)<VisitHrs/24)+(Jeremy!F35=$F35)*ISNUMBER(Jeremy!G35)*(ABS(Jeremy!G35-$G35)<VisitHrs/24)+('Test Patient'!B35=$F35)*ISNUMBER('Test Patient'!C35)*(ABS('Test Patient'!C35-$G35)<VisitHrs/24)+('Test Patient'!D35=$F35)*ISNUMBER('Test Patient'!E35)*(ABS('Test Patient'!E35-$G35)<VisitHrs/24)+('Test Patient'!F35=$F35)*ISNUMBER('Test Patient'!G35)*(ABS('Test Patient'!G35-$G35)<VisitHrs/24))-1)+('Anita Klesch'!$B35=$F35)*($G35<DayEnd)*($G35+VisitHrs/24>DayStart)+('Anita Klesch'!$C35=$F35)*((($G35+VisitHrs/24>DayEnd)+($G35<DayStart))>0)+('Test Patient 2'!$B35=$F35)*($G35<DayEnd)*($G35+VisitHrs/24>DayStart)+('Test Patient 2'!$C35=$F35)*((($G35+VisitHrs/24>DayEnd)+($G35<DayStart))>0)>=1,1,0),0) -> 0 | M35: =IF($H35=1,$B35,"") -> 0 | N35: =IF($H35=1,$D35,"") -> 0 | O35: =IF($H35=1,$F35,"") -> 0
A36: =A35+1 -> 46242 | H36: =IF($A36="",0,IF(AND(OR(NOT(ISNUMBER(LL_Start)),LL_Start=0,$A36>=LL_Start),OR(NOT(ISNUMBER(LL_End)),LL_End=0,$A36<=LL_End)),1,0)) -> 1 | I36: =IF($H36=1,($B36<>"")+($D36<>"")+($F36<>""),0) -> 0 | J36: =IF(AND($H36=1,$B36<>"",ISNUMBER($C36)),IF(((('Lucy Levene'!B36=$B36)*ISNUMBER('Lucy Levene'!C36)*(ABS('Lucy Levene'!C36-$C36)<VisitHrs/24)+('Lucy Levene'!D36=$B36)*ISNUMBER('Lucy Levene'!E36)*(ABS('Lucy Levene'!E36-$C36)<VisitHrs/24)+('Lucy Levene'!F36=$B36)*ISNUMBER('Lucy Levene'!G36)*(ABS('Lucy Levene'!G36-$C36)<VisitHrs/24)+('Tom Bock'!B36=$B36)*ISNUMBER('Tom Bock'!C36)*(ABS('Tom Bock'!C36-$C36)<VisitHrs/24)+('Tom Bock'!D36=$B36)*ISNUMBER('Tom Bock'!E36)*(ABS('Tom Bock'!E36-$C36)<VisitHrs/24)+('Tom Bock'!F36=$B36)*ISNUMBER('Tom Bock'!G36)*(ABS('Tom Bock'!G36-$C36)<VisitHrs/24)+(Jeremy!B36=$B36)*ISNUMBER(Jeremy!C36)*(ABS(Jeremy!C36-$C36)<VisitHrs/24)+(Jeremy!D36=$B36)*ISNUMBER(Jeremy!E36)*(ABS(Jeremy!E36-$C36)<VisitHrs/24)+(Jeremy!F36=$B36)*ISNUMBER(Jeremy!G36)*(ABS(Jeremy!G36-$C36)<VisitHrs/24)+('Test Patient'!B36=$B36)*ISNUMBER('Test Patient'!C36)*(ABS('Test Patient'!C36-$C36)<VisitHrs/24)+('Test Patient'!D36=$B36)*ISNUMBER('Test Patient'!E36)*(ABS('Test Patient'!E36-$C36)<VisitHrs/24)+('Test Patient'!F36=$B36)*ISNUMBER('Test Patient'!G36)*(ABS('Test Patient'!G36-$C36)<VisitHrs/24))-1)+('Anita Klesch'!$B36=$B36)*($C36<DayEnd)*($C36+VisitHrs/24>DayStart)+('Anita Klesch'!$C36=$B36)*((($C36+VisitHrs/24>DayEnd)+($C36<DayStart))>0)+('Test Patient 2'!$B36=$B36)*($C36<DayEnd)*($C36+VisitHrs/24>DayStart)+('Test Patient 2'!$C36=$B36)*((($C36+VisitHrs/24>DayEnd)+($C36<DayStart))>0)>=1,1,0),0) -> 0 | K36: =IF(AND($H36=1,$D36<>"",ISNUMBER($E36)),IF(((('Lucy Levene'!B36=$D36)*ISNUMBER('Lucy Levene'!C36)*(ABS('Lucy Levene'!C36-$E36)<VisitHrs/24)+('Lucy Levene'!D36=$D36)*ISNUMBER('Lucy Levene'!E36)*(ABS('Lucy Levene'!E36-$E36)<VisitHrs/24)+('Lucy Levene'!F36=$D36)*ISNUMBER('Lucy Levene'!G36)*(ABS('Lucy Levene'!G36-$E36)<VisitHrs/24)+('Tom Bock'!B36=$D36)*ISNUMBER('Tom Bock'!C36)*(ABS('Tom Bock'!C36-$E36)<VisitHrs/24)+('Tom Bock'!D36=$D36)*ISNUMBER('Tom Bock'!E36)*(ABS('Tom Bock'!E36-$E36)<VisitHrs/24)+('Tom Bock'!F36=$D36)*ISNUMBER('Tom Bock'!G36)*(ABS('Tom Bock'!G36-$E36)<VisitHrs/24)+(Jeremy!B36=$D36)*ISNUMBER(Jeremy!C36)*(ABS(Jeremy!C36-$E36)<VisitHrs/24)+(Jeremy!D36=$D36)*ISNUMBER(Jeremy!E36)*(ABS(Jeremy!E36-$E36)<VisitHrs/24)+(Jeremy!F36=$D36)*ISNUMBER(Jeremy!G36)*(ABS(Jeremy!G36-$E36)<VisitHrs/24)+('Test Patient'!B36=$D36)*ISNUMBER('Test Patient'!C36)*(ABS('Test Patient'!C36-$E36)<VisitHrs/24)+('Test Patient'!D36=$D36)*ISNUMBER('Test Patient'!E36)*(ABS('Test Patient'!E36-$E36)<VisitHrs/24)+('Test Patient'!F36=$D36)*ISNUMBER('Test Patient'!G36)*(ABS('Test Patient'!G36-$E36)<VisitHrs/24))-1)+('Anita Klesch'!$B36=$D36)*($E36<DayEnd)*($E36+VisitHrs/24>DayStart)+('Anita Klesch'!$C36=$D36)*((($E36+VisitHrs/24>DayEnd)+($E36<DayStart))>0)+('Test Patient 2'!$B36=$D36)*($E36<DayEnd)*($E36+VisitHrs/24>DayStart)+('Test Patient 2'!$C36=$D36)*((($E36+VisitHrs/24>DayEnd)+($E36<DayStart))>0)>=1,1,0),0) -> 0 | L36: =IF(AND($H36=1,$F36<>"",ISNUMBER($G36)),IF(((('Lucy Levene'!B36=$F36)*ISNUMBER('Lucy Levene'!C36)*(ABS('Lucy Levene'!C36-$G36)<VisitHrs/24)+('Lucy Levene'!D36=$F36)*ISNUMBER('Lucy Levene'!E36)*(ABS('Lucy Levene'!E36-$G36)<VisitHrs/24)+('Lucy Levene'!F36=$F36)*ISNUMBER('Lucy Levene'!G36)*(ABS('Lucy Levene'!G36-$G36)<VisitHrs/24)+('Tom Bock'!B36=$F36)*ISNUMBER('Tom Bock'!C36)*(ABS('Tom Bock'!C36-$G36)<VisitHrs/24)+('Tom Bock'!D36=$F36)*ISNUMBER('Tom Bock'!E36)*(ABS('Tom Bock'!E36-$G36)<VisitHrs/24)+('Tom Bock'!F36=$F36)*ISNUMBER('Tom Bock'!G36)*(ABS('Tom Bock'!G36-$G36)<VisitHrs/24)+(Jeremy!B36=$F36)*ISNUMBER(Jeremy!C36)*(ABS(Jeremy!C36-$G36)<VisitHrs/24)+(Jeremy!D36=$F36)*ISNUMBER(Jeremy!E36)*(ABS(Jeremy!E36-$G36)<VisitHrs/24)+(Jeremy!F36=$F36)*ISNUMBER(Jeremy!G36)*(ABS(Jeremy!G36-$G36)<VisitHrs/24)+('Test Patient'!B36=$F36)*ISNUMBER('Test Patient'!C36)*(ABS('Test Patient'!C36-$G36)<VisitHrs/24)+('Test Patient'!D36=$F36)*ISNUMBER('Test Patient'!E36)*(ABS('Test Patient'!E36-$G36)<VisitHrs/24)+('Test Patient'!F36=$F36)*ISNUMBER('Test Patient'!G36)*(ABS('Test Patient'!G36-$G36)<VisitHrs/24))-1)+('Anita Klesch'!$B36=$F36)*($G36<DayEnd)*($G36+VisitHrs/24>DayStart)+('Anita Klesch'!$C36=$F36)*((($G36+VisitHrs/24>DayEnd)+($G36<DayStart))>0)+('Test Patient 2'!$B36=$F36)*($G36<DayEnd)*($G36+VisitHrs/24>DayStart)+('Test Patient 2'!$C36=$F36)*((($G36+VisitHrs/24>DayEnd)+($G36<DayStart))>0)>=1,1,0),0) -> 0 | M36: =IF($H36=1,$B36,"") -> 0 | N36: =IF($H36=1,$D36,"") -> 0 | O36: =IF($H36=1,$F36,"") -> 0
A37: =A36+1 -> 46243 | H37: =IF($A37="",0,IF(AND(OR(NOT(ISNUMBER(LL_Start)),LL_Start=0,$A37>=LL_Start),OR(NOT(ISNUMBER(LL_End)),LL_End=0,$A37<=LL_End)),1,0)) -> 1 | I37: =IF($H37=1,($B37<>"")+($D37<>"")+($F37<>""),0) -> 0 | J37: =IF(AND($H37=1,$B37<>"",ISNUMBER($C37)),IF(((('Lucy Levene'!B37=$B37)*ISNUMBER('Lucy Levene'!C37)*(ABS('Lucy Levene'!C37-$C37)<VisitHrs/24)+('Lucy Levene'!D37=$B37)*ISNUMBER('Lucy Levene'!E37)*(ABS('Lucy Levene'!E37-$C37)<VisitHrs/24)+('Lucy Levene'!F37=$B37)*ISNUMBER('Lucy Levene'!G37)*(ABS('Lucy Levene'!G37-$C37)<VisitHrs/24)+('Tom Bock'!B37=$B37)*ISNUMBER('Tom Bock'!C37)*(ABS('Tom Bock'!C37-$C37)<VisitHrs/24)+('Tom Bock'!D37=$B37)*ISNUMBER('Tom Bock'!E37)*(ABS('Tom Bock'!E37-$C37)<VisitHrs/24)+('Tom Bock'!F37=$B37)*ISNUMBER('Tom Bock'!G37)*(ABS('Tom Bock'!G37-$C37)<VisitHrs/24)+(Jeremy!B37=$B37)*ISNUMBER(Jeremy!C37)*(ABS(Jeremy!C37-$C37)<VisitHrs/24)+(Jeremy!D37=$B37)*ISNUMBER(Jeremy!E37)*(ABS(Jeremy!E37-$C37)<VisitHrs/24)+(Jeremy!F37=$B37)*ISNUMBER(Jeremy!G37)*(ABS(Jeremy!G37-$C37)<VisitHrs/24)+('Test Patient'!B37=$B37)*ISNUMBER('Test Patient'!C37)*(ABS('Test Patient'!C37-$C37)<VisitHrs/24)+('Test Patient'!D37=$B37)*ISNUMBER('Test Patient'!E37)*(ABS('Test Patient'!E37-$C37)<VisitHrs/24)+('Test Patient'!F37=$B37)*ISNUMBER('Test Patient'!G37)*(ABS('Test Patient'!G37-$C37)<VisitHrs/24))-1)+('Anita Klesch'!$B37=$B37)*($C37<DayEnd)*($C37+VisitHrs/24>DayStart)+('Anita Klesch'!$C37=$B37)*((($C37+VisitHrs/24>DayEnd)+($C37<DayStart))>0)+('Test Patient 2'!$B37=$B37)*($C37<DayEnd)*($C37+VisitHrs/24>DayStart)+('Test Patient 2'!$C37=$B37)*((($C37+VisitHrs/24>DayEnd)+($C37<DayStart))>0)>=1,1,0),0) -> 0 | K37: =IF(AND($H37=1,$D37<>"",ISNUMBER($E37)),IF(((('Lucy Levene'!B37=$D37)*ISNUMBER('Lucy Levene'!C37)*(ABS('Lucy Levene'!C37-$E37)<VisitHrs/24)+('Lucy Levene'!D37=$D37)*ISNUMBER('Lucy Levene'!E37)*(ABS('Lucy Levene'!E37-$E37)<VisitHrs/24)+('Lucy Levene'!F37=$D37)*ISNUMBER('Lucy Levene'!G37)*(ABS('Lucy Levene'!G37-$E37)<VisitHrs/24)+('Tom Bock'!B37=$D37)*ISNUMBER('Tom Bock'!C37)*(ABS('Tom Bock'!C37-$E37)<VisitHrs/24)+('Tom Bock'!D37=$D37)*ISNUMBER('Tom Bock'!E37)*(ABS('Tom Bock'!E37-$E37)<VisitHrs/24)+('Tom Bock'!F37=$D37)*ISNUMBER('Tom Bock'!G37)*(ABS('Tom Bock'!G37-$E37)<VisitHrs/24)+(Jeremy!B37=$D37)*ISNUMBER(Jeremy!C37)*(ABS(Jeremy!C37-$E37)<VisitHrs/24)+(Jeremy!D37=$D37)*ISNUMBER(Jeremy!E37)*(ABS(Jeremy!E37-$E37)<VisitHrs/24)+(Jeremy!F37=$D37)*ISNUMBER(Jeremy!G37)*(ABS(Jeremy!G37-$E37)<VisitHrs/24)+('Test Patient'!B37=$D37)*ISNUMBER('Test Patient'!C37)*(ABS('Test Patient'!C37-$E37)<VisitHrs/24)+('Test Patient'!D37=$D37)*ISNUMBER('Test Patient'!E37)*(ABS('Test Patient'!E37-$E37)<VisitHrs/24)+('Test Patient'!F37=$D37)*ISNUMBER('Test Patient'!G37)*(ABS('Test Patient'!G37-$E37)<VisitHrs/24))-1)+('Anita Klesch'!$B37=$D37)*($E37<DayEnd)*($E37+VisitHrs/24>DayStart)+('Anita Klesch'!$C37=$D37)*((($E37+VisitHrs/24>DayEnd)+($E37<DayStart))>0)+('Test Patient 2'!$B37=$D37)*($E37<DayEnd)*($E37+VisitHrs/24>DayStart)+('Test Patient 2'!$C37=$D37)*((($E37+VisitHrs/24>DayEnd)+($E37<DayStart))>0)>=1,1,0),0) -> 0 | L37: =IF(AND($H37=1,$F37<>"",ISNUMBER($G37)),IF(((('Lucy Levene'!B37=$F37)*ISNUMBER('Lucy Levene'!C37)*(ABS('Lucy Levene'!C37-$G37)<VisitHrs/24)+('Lucy Levene'!D37=$F37)*ISNUMBER('Lucy Levene'!E37)*(ABS('Lucy Levene'!E37-$G37)<VisitHrs/24)+('Lucy Levene'!F37=$F37)*ISNUMBER('Lucy Levene'!G37)*(ABS('Lucy Levene'!G37-$G37)<VisitHrs/24)+('Tom Bock'!B37=$F37)*ISNUMBER('Tom Bock'!C37)*(ABS('Tom Bock'!C37-$G37)<VisitHrs/24)+('Tom Bock'!D37=$F37)*ISNUMBER('Tom Bock'!E37)*(ABS('Tom Bock'!E37-$G37)<VisitHrs/24)+('Tom Bock'!F37=$F37)*ISNUMBER('Tom Bock'!G37)*(ABS('Tom Bock'!G37-$G37)<VisitHrs/24)+(Jeremy!B37=$F37)*ISNUMBER(Jeremy!C37)*(ABS(Jeremy!C37-$G37)<VisitHrs/24)+(Jeremy!D37=$F37)*ISNUMBER(Jeremy!E37)*(ABS(Jeremy!E37-$G37)<VisitHrs/24)+(Jeremy!F37=$F37)*ISNUMBER(Jeremy!G37)*(ABS(Jeremy!G37-$G37)<VisitHrs/24)+('Test Patient'!B37=$F37)*ISNUMBER('Test Patient'!C37)*(ABS('Test Patient'!C37-$G37)<VisitHrs/24)+('Test Patient'!D37=$F37)*ISNUMBER('Test Patient'!E37)*(ABS('Test Patient'!E37-$G37)<VisitHrs/24)+('Test Patient'!F37=$F37)*ISNUMBER('Test Patient'!G37)*(ABS('Test Patient'!G37-$G37)<VisitHrs/24))-1)+('Anita Klesch'!$B37=$F37)*($G37<DayEnd)*($G37+VisitHrs/24>DayStart)+('Anita Klesch'!$C37=$F37)*((($G37+VisitHrs/24>DayEnd)+($G37<DayStart))>0)+('Test Patient 2'!$B37=$F37)*($G37<DayEnd)*($G37+VisitHrs/24>DayStart)+('Test Patient 2'!$C37=$F37)*((($G37+VisitHrs/24>DayEnd)+($G37<DayStart))>0)>=1,1,0),0) -> 0 | M37: =IF($H37=1,$B37,"") -> 0 | N37: =IF($H37=1,$D37,"") -> 0 | O37: =IF($H37=1,$F37,"") -> 0
A38: =A37+1 -> 46244 | H38: =IF($A38="",0,IF(AND(OR(NOT(ISNUMBER(LL_Start)),LL_Start=0,$A38>=LL_Start),OR(NOT(ISNUMBER(LL_End)),LL_End=0,$A38<=LL_End)),1,0)) -> 1 | I38: =IF($H38=1,($B38<>"")+($D38<>"")+($F38<>""),0) -> 0 | J38: =IF(AND($H38=1,$B38<>"",ISNUMBER($C38)),IF(((('Lucy Levene'!B38=$B38)*ISNUMBER('Lucy Levene'!C38)*(ABS('Lucy Levene'!C38-$C38)<VisitHrs/24)+('Lucy Levene'!D38=$B38)*ISNUMBER('Lucy Levene'!E38)*(ABS('Lucy Levene'!E38-$C38)<VisitHrs/24)+('Lucy Levene'!F38=$B38)*ISNUMBER('Lucy Levene'!G38)*(ABS('Lucy Levene'!G38-$C38)<VisitHrs/24)+('Tom Bock'!B38=$B38)*ISNUMBER('Tom Bock'!C38)*(ABS('Tom Bock'!C38-$C38)<VisitHrs/24)+('Tom Bock'!D38=$B38)*ISNUMBER('Tom Bock'!E38)*(ABS('Tom Bock'!E38-$C38)<VisitHrs/24)+('Tom Bock'!F38=$B38)*ISNUMBER('Tom Bock'!G38)*(ABS('Tom Bock'!G38-$C38)<VisitHrs/24)+(Jeremy!B38=$B38)*ISNUMBER(Jeremy!C38)*(ABS(Jeremy!C38-$C38)<VisitHrs/24)+(Jeremy!D38=$B38)*ISNUMBER(Jeremy!E38)*(ABS(Jeremy!E38-$C38)<VisitHrs/24)+(Jeremy!F38=$B38)*ISNUMBER(Jeremy!G38)*(ABS(Jeremy!G38-$C38)<VisitHrs/24)+('Test Patient'!B38=$B38)*ISNUMBER('Test Patient'!C38)*(ABS('Test Patient'!C38-$C38)<VisitHrs/24)+('Test Patient'!D38=$B38)*ISNUMBER('Test Patient'!E38)*(ABS('Test Patient'!E38-$C38)<VisitHrs/24)+('Test Patient'!F38=$B38)*ISNUMBER('Test Patient'!G38)*(ABS('Test Patient'!G38-$C38)<VisitHrs/24))-1)+('Anita Klesch'!$B38=$B38)*($C38<DayEnd)*($C38+VisitHrs/24>DayStart)+('Anita Klesch'!$C38=$B38)*((($C38+VisitHrs/24>DayEnd)+($C38<DayStart))>0)+('Test Patient 2'!$B38=$B38)*($C38<DayEnd)*($C38+VisitHrs/24>DayStart)+('Test Patient 2'!$C38=$B38)*((($C38+VisitHrs/24>DayEnd)+($C38<DayStart))>0)>=1,1,0),0) -> 0 | K38: =IF(AND($H38=1,$D38<>"",ISNUMBER($E38)),IF(((('Lucy Levene'!B38=$D38)*ISNUMBER('Lucy Levene'!C38)*(ABS('Lucy Levene'!C38-$E38)<VisitHrs/24)+('Lucy Levene'!D38=$D38)*ISNUMBER('Lucy Levene'!E38)*(ABS('Lucy Levene'!E38-$E38)<VisitHrs/24)+('Lucy Levene'!F38=$D38)*ISNUMBER('Lucy Levene'!G38)*(ABS('Lucy Levene'!G38-$E38)<VisitHrs/24)+('Tom Bock'!B38=$D38)*ISNUMBER('Tom Bock'!C38)*(ABS('Tom Bock'!C38-$E38)<VisitHrs/24)+('Tom Bock'!D38=$D38)*ISNUMBER('Tom Bock'!E38)*(ABS('Tom Bock'!E38-$E38)<VisitHrs/24)+('Tom Bock'!F38=$D38)*ISNUMBER('Tom Bock'!G38)*(ABS('Tom Bock'!G38-$E38)<VisitHrs/24)+(Jeremy!B38=$D38)*ISNUMBER(Jeremy!C38)*(ABS(Jeremy!C38-$E38)<VisitHrs/24)+(Jeremy!D38=$D38)*ISNUMBER(Jeremy!E38)*(ABS(Jeremy!E38-$E38)<VisitHrs/24)+(Jeremy!F38=$D38)*ISNUMBER(Jeremy!G38)*(ABS(Jeremy!G38-$E38)<VisitHrs/24)+('Test Patient'!B38=$D38)*ISNUMBER('Test Patient'!C38)*(ABS('Test Patient'!C38-$E38)<VisitHrs/24)+('Test Patient'!D38=$D38)*ISNUMBER('Test Patient'!E38)*(ABS('Test Patient'!E38-$E38)<VisitHrs/24)+('Test Patient'!F38=$D38)*ISNUMBER('Test Patient'!G38)*(ABS('Test Patient'!G38-$E38)<VisitHrs/24))-1)+('Anita Klesch'!$B38=$D38)*($E38<DayEnd)*($E38+VisitHrs/24>DayStart)+('Anita Klesch'!$C38=$D38)*((($E38+VisitHrs/24>DayEnd)+($E38<DayStart))>0)+('Test Patient 2'!$B38=$D38)*($E38<DayEnd)*($E38+VisitHrs/24>DayStart)+('Test Patient 2'!$C38=$D38)*((($E38+VisitHrs/24>DayEnd)+($E38<DayStart))>0)>=1,1,0),0) -> 0 | L38: =IF(AND($H38=1,$F38<>"",ISNUMBER($G38)),IF(((('Lucy Levene'!B38=$F38)*ISNUMBER('Lucy Levene'!C38)*(ABS('Lucy Levene'!C38-$G38)<VisitHrs/24)+('Lucy Levene'!D38=$F38)*ISNUMBER('Lucy Levene'!E38)*(ABS('Lucy Levene'!E38-$G38)<VisitHrs/24)+('Lucy Levene'!F38=$F38)*ISNUMBER('Lucy Levene'!G38)*(ABS('Lucy Levene'!G38-$G38)<VisitHrs/24)+('Tom Bock'!B38=$F38)*ISNUMBER('Tom Bock'!C38)*(ABS('Tom Bock'!C38-$G38)<VisitHrs/24)+('Tom Bock'!D38=$F38)*ISNUMBER('Tom Bock'!E38)*(ABS('Tom Bock'!E38-$G38)<VisitHrs/24)+('Tom Bock'!F38=$F38)*ISNUMBER('Tom Bock'!G38)*(ABS('Tom Bock'!G38-$G38)<VisitHrs/24)+(Jeremy!B38=$F38)*ISNUMBER(Jeremy!C38)*(ABS(Jeremy!C38-$G38)<VisitHrs/24)+(Jeremy!D38=$F38)*ISNUMBER(Jeremy!E38)*(ABS(Jeremy!E38-$G38)<VisitHrs/24)+(Jeremy!F38=$F38)*ISNUMBER(Jeremy!G38)*(ABS(Jeremy!G38-$G38)<VisitHrs/24)+('Test Patient'!B38=$F38)*ISNUMBER('Test Patient'!C38)*(ABS('Test Patient'!C38-$G38)<VisitHrs/24)+('Test Patient'!D38=$F38)*ISNUMBER('Test Patient'!E38)*(ABS('Test Patient'!E38-$G38)<VisitHrs/24)+('Test Patient'!F38=$F38)*ISNUMBER('Test Patient'!G38)*(ABS('Test Patient'!G38-$G38)<VisitHrs/24))-1)+('Anita Klesch'!$B38=$F38)*($G38<DayEnd)*($G38+VisitHrs/24>DayStart)+('Anita Klesch'!$C38=$F38)*((($G38+VisitHrs/24>DayEnd)+($G38<DayStart))>0)+('Test Patient 2'!$B38=$F38)*($G38<DayEnd)*($G38+VisitHrs/24>DayStart)+('Test Patient 2'!$C38=$F38)*((($G38+VisitHrs/24>DayEnd)+($G38<DayStart))>0)>=1,1,0),0) -> 0 | M38: =IF($H38=1,$B38,"") -> 0 | N38: =IF($H38=1,$D38,"") -> 0 | O38: =IF($H38=1,$F38,"") -> 0
A39: =A38+1 -> 46245 | H39: =IF($A39="",0,IF(AND(OR(NOT(ISNUMBER(LL_Start)),LL_Start=0,$A39>=LL_Start),OR(NOT(ISNUMBER(LL_End)),LL_End=0,$A39<=LL_End)),1,0)) -> 1 | I39: =IF($H39=1,($B39<>"")+($D39<>"")+($F39<>""),0) -> 0 | J39: =IF(AND($H39=1,$B39<>"",ISNUMBER($C39)),IF(((('Lucy Levene'!B39=$B39)*ISNUMBER('Lucy Levene'!C39)*(ABS('Lucy Levene'!C39-$C39)<VisitHrs/24)+('Lucy Levene'!D39=$B39)*ISNUMBER('Lucy Levene'!E39)*(ABS('Lucy Levene'!E39-$C39)<VisitHrs/24)+('Lucy Levene'!F39=$B39)*ISNUMBER('Lucy Levene'!G39)*(ABS('Lucy Levene'!G39-$C39)<VisitHrs/24)+('Tom Bock'!B39=$B39)*ISNUMBER('Tom Bock'!C39)*(ABS('Tom Bock'!C39-$C39)<VisitHrs/24)+('Tom Bock'!D39=$B39)*ISNUMBER('Tom Bock'!E39)*(ABS('Tom Bock'!E39-$C39)<VisitHrs/24)+('Tom Bock'!F39=$B39)*ISNUMBER('Tom Bock'!G39)*(ABS('Tom Bock'!G39-$C39)<VisitHrs/24)+(Jeremy!B39=$B39)*ISNUMBER(Jeremy!C39)*(ABS(Jeremy!C39-$C39)<VisitHrs/24)+(Jeremy!D39=$B39)*ISNUMBER(Jeremy!E39)*(ABS(Jeremy!E39-$C39)<VisitHrs/24)+(Jeremy!F39=$B39)*ISNUMBER(Jeremy!G39)*(ABS(Jeremy!G39-$C39)<VisitHrs/24)+('Test Patient'!B39=$B39)*ISNUMBER('Test Patient'!C39)*(ABS('Test Patient'!C39-$C39)<VisitHrs/24)+('Test Patient'!D39=$B39)*ISNUMBER('Test Patient'!E39)*(ABS('Test Patient'!E39-$C39)<VisitHrs/24)+('Test Patient'!F39=$B39)*ISNUMBER('Test Patient'!G39)*(ABS('Test Patient'!G39-$C39)<VisitHrs/24))-1)+('Anita Klesch'!$B39=$B39)*($C39<DayEnd)*($C39+VisitHrs/24>DayStart)+('Anita Klesch'!$C39=$B39)*((($C39+VisitHrs/24>DayEnd)+($C39<DayStart))>0)+('Test Patient 2'!$B39=$B39)*($C39<DayEnd)*($C39+VisitHrs/24>DayStart)+('Test Patient 2'!$C39=$B39)*((($C39+VisitHrs/24>DayEnd)+($C39<DayStart))>0)>=1,1,0),0) -> 0 | K39: =IF(AND($H39=1,$D39<>"",ISNUMBER($E39)),IF(((('Lucy Levene'!B39=$D39)*ISNUMBER('Lucy Levene'!C39)*(ABS('Lucy Levene'!C39-$E39)<VisitHrs/24)+('Lucy Levene'!D39=$D39)*ISNUMBER('Lucy Levene'!E39)*(ABS('Lucy Levene'!E39-$E39)<VisitHrs/24)+('Lucy Levene'!F39=$D39)*ISNUMBER('Lucy Levene'!G39)*(ABS('Lucy Levene'!G39-$E39)<VisitHrs/24)+('Tom Bock'!B39=$D39)*ISNUMBER('Tom Bock'!C39)*(ABS('Tom Bock'!C39-$E39)<VisitHrs/24)+('Tom Bock'!D39=$D39)*ISNUMBER('Tom Bock'!E39)*(ABS('Tom Bock'!E39-$E39)<VisitHrs/24)+('Tom Bock'!F39=$D39)*ISNUMBER('Tom Bock'!G39)*(ABS('Tom Bock'!G39-$E39)<VisitHrs/24)+(Jeremy!B39=$D39)*ISNUMBER(Jeremy!C39)*(ABS(Jeremy!C39-$E39)<VisitHrs/24)+(Jeremy!D39=$D39)*ISNUMBER(Jeremy!E39)*(ABS(Jeremy!E39-$E39)<VisitHrs/24)+(Jeremy!F39=$D39)*ISNUMBER(Jeremy!G39)*(ABS(Jeremy!G39-$E39)<VisitHrs/24)+('Test Patient'!B39=$D39)*ISNUMBER('Test Patient'!C39)*(ABS('Test Patient'!C39-$E39)<VisitHrs/24)+('Test Patient'!D39=$D39)*ISNUMBER('Test Patient'!E39)*(ABS('Test Patient'!E39-$E39)<VisitHrs/24)+('Test Patient'!F39=$D39)*ISNUMBER('Test Patient'!G39)*(ABS('Test Patient'!G39-$E39)<VisitHrs/24))-1)+('Anita Klesch'!$B39=$D39)*($E39<DayEnd)*($E39+VisitHrs/24>DayStart)+('Anita Klesch'!$C39=$D39)*((($E39+VisitHrs/24>DayEnd)+($E39<DayStart))>0)+('Test Patient 2'!$B39=$D39)*($E39<DayEnd)*($E39+VisitHrs/24>DayStart)+('Test Patient 2'!$C39=$D39)*((($E39+VisitHrs/24>DayEnd)+($E39<DayStart))>0)>=1,1,0),0) -> 0 | L39: =IF(AND($H39=1,$F39<>"",ISNUMBER($G39)),IF(((('Lucy Levene'!B39=$F39)*ISNUMBER('Lucy Levene'!C39)*(ABS('Lucy Levene'!C39-$G39)<VisitHrs/24)+('Lucy Levene'!D39=$F39)*ISNUMBER('Lucy Levene'!E39)*(ABS('Lucy Levene'!E39-$G39)<VisitHrs/24)+('Lucy Levene'!F39=$F39)*ISNUMBER('Lucy Levene'!G39)*(ABS('Lucy Levene'!G39-$G39)<VisitHrs/24)+('Tom Bock'!B39=$F39)*ISNUMBER('Tom Bock'!C39)*(ABS('Tom Bock'!C39-$G39)<VisitHrs/24)+('Tom Bock'!D39=$F39)*ISNUMBER('Tom Bock'!E39)*(ABS('Tom Bock'!E39-$G39)<VisitHrs/24)+('Tom Bock'!F39=$F39)*ISNUMBER('Tom Bock'!G39)*(ABS('Tom Bock'!G39-$G39)<VisitHrs/24)+(Jeremy!B39=$F39)*ISNUMBER(Jeremy!C39)*(ABS(Jeremy!C39-$G39)<VisitHrs/24)+(Jeremy!D39=$F39)*ISNUMBER(Jeremy!E39)*(ABS(Jeremy!E39-$G39)<VisitHrs/24)+(Jeremy!F39=$F39)*ISNUMBER(Jeremy!G39)*(ABS(Jeremy!G39-$G39)<VisitHrs/24)+('Test Patient'!B39=$F39)*ISNUMBER('Test Patient'!C39)*(ABS('Test Patient'!C39-$G39)<VisitHrs/24)+('Test Patient'!D39=$F39)*ISNUMBER('Test Patient'!E39)*(ABS('Test Patient'!E39-$G39)<VisitHrs/24)+('Test Patient'!F39=$F39)*ISNUMBER('Test Patient'!G39)*(ABS('Test Patient'!G39-$G39)<VisitHrs/24))-1)+('Anita Klesch'!$B39=$F39)*($G39<DayEnd)*($G39+VisitHrs/24>DayStart)+('Anita Klesch'!$C39=$F39)*((($G39+VisitHrs/24>DayEnd)+($G39<DayStart))>0)+('Test Patient 2'!$B39=$F39)*($G39<DayEnd)*($G39+VisitHrs/24>DayStart)+('Test Patient 2'!$C39=$F39)*((($G39+VisitHrs/24>DayEnd)+($G39<DayStart))>0)>=1,1,0),0) -> 0 | M39: =IF($H39=1,$B39,"") -> 0 | N39: =IF($H39=1,$D39,"") -> 0 | O39: =IF($H39=1,$F39,"") -> 0
A40: =A39+1 -> 46246 | H40: =IF($A40="",0,IF(AND(OR(NOT(ISNUMBER(LL_Start)),LL_Start=0,$A40>=LL_Start),OR(NOT(ISNUMBER(LL_End)),LL_End=0,$A40<=LL_End)),1,0)) -> 1 | I40: =IF($H40=1,($B40<>"")+($D40<>"")+($F40<>""),0) -> 0 | J40: =IF(AND($H40=1,$B40<>"",ISNUMBER($C40)),IF(((('Lucy Levene'!B40=$B40)*ISNUMBER('Lucy Levene'!C40)*(ABS('Lucy Levene'!C40-$C40)<VisitHrs/24)+('Lucy Levene'!D40=$B40)*ISNUMBER('Lucy Levene'!E40)*(ABS('Lucy Levene'!E40-$C40)<VisitHrs/24)+('Lucy Levene'!F40=$B40)*ISNUMBER('Lucy Levene'!G40)*(ABS('Lucy Levene'!G40-$C40)<VisitHrs/24)+('Tom Bock'!B40=$B40)*ISNUMBER('Tom Bock'!C40)*(ABS('Tom Bock'!C40-$C40)<VisitHrs/24)+('Tom Bock'!D40=$B40)*ISNUMBER('Tom Bock'!E40)*(ABS('Tom Bock'!E40-$C40)<VisitHrs/24)+('Tom Bock'!F40=$B40)*ISNUMBER('Tom Bock'!G40)*(ABS('Tom Bock'!G40-$C40)<VisitHrs/24)+(Jeremy!B40=$B40)*ISNUMBER(Jeremy!C40)*(ABS(Jeremy!C40-$C40)<VisitHrs/24)+(Jeremy!D40=$B40)*ISNUMBER(Jeremy!E40)*(ABS(Jeremy!E40-$C40)<VisitHrs/24)+(Jeremy!F40=$B40)*ISNUMBER(Jeremy!G40)*(ABS(Jeremy!G40-$C40)<VisitHrs/24)+('Test Patient'!B40=$B40)*ISNUMBER('Test Patient'!C40)*(ABS('Test Patient'!C40-$C40)<VisitHrs/24)+('Test Patient'!D40=$B40)*ISNUMBER('Test Patient'!E40)*(ABS('Test Patient'!E40-$C40)<VisitHrs/24)+('Test Patient'!F40=$B40)*ISNUMBER('Test Patient'!G40)*(ABS('Test Patient'!G40-$C40)<VisitHrs/24))-1)+('Anita Klesch'!$B40=$B40)*($C40<DayEnd)*($C40+VisitHrs/24>DayStart)+('Anita Klesch'!$C40=$B40)*((($C40+VisitHrs/24>DayEnd)+($C40<DayStart))>0)+('Test Patient 2'!$B40=$B40)*($C40<DayEnd)*($C40+VisitHrs/24>DayStart)+('Test Patient 2'!$C40=$B40)*((($C40+VisitHrs/24>DayEnd)+($C40<DayStart))>0)>=1,1,0),0) -> 0 | K40: =IF(AND($H40=1,$D40<>"",ISNUMBER($E40)),IF(((('Lucy Levene'!B40=$D40)*ISNUMBER('Lucy Levene'!C40)*(ABS('Lucy Levene'!C40-$E40)<VisitHrs/24)+('Lucy Levene'!D40=$D40)*ISNUMBER('Lucy Levene'!E40)*(ABS('Lucy Levene'!E40-$E40)<VisitHrs/24)+('Lucy Levene'!F40=$D40)*ISNUMBER('Lucy Levene'!G40)*(ABS('Lucy Levene'!G40-$E40)<VisitHrs/24)+('Tom Bock'!B40=$D40)*ISNUMBER('Tom Bock'!C40)*(ABS('Tom Bock'!C40-$E40)<VisitHrs/24)+('Tom Bock'!D40=$D40)*ISNUMBER('Tom Bock'!E40)*(ABS('Tom Bock'!E40-$E40)<VisitHrs/24)+('Tom Bock'!F40=$D40)*ISNUMBER('Tom Bock'!G40)*(ABS('Tom Bock'!G40-$E40)<VisitHrs/24)+(Jeremy!B40=$D40)*ISNUMBER(Jeremy!C40)*(ABS(Jeremy!C40-$E40)<VisitHrs/24)+(Jeremy!D40=$D40)*ISNUMBER(Jeremy!E40)*(ABS(Jeremy!E40-$E40)<VisitHrs/24)+(Jeremy!F40=$D40)*ISNUMBER(Jeremy!G40)*(ABS(Jeremy!G40-$E40)<VisitHrs/24)+('Test Patient'!B40=$D40)*ISNUMBER('Test Patient'!C40)*(ABS('Test Patient'!C40-$E40)<VisitHrs/24)+('Test Patient'!D40=$D40)*ISNUMBER('Test Patient'!E40)*(ABS('Test Patient'!E40-$E40)<VisitHrs/24)+('Test Patient'!F40=$D40)*ISNUMBER('Test Patient'!G40)*(ABS('Test Patient'!G40-$E40)<VisitHrs/24))-1)+('Anita Klesch'!$B40=$D40)*($E40<DayEnd)*($E40+VisitHrs/24>DayStart)+('Anita Klesch'!$C40=$D40)*((($E40+VisitHrs/24>DayEnd)+($E40<DayStart))>0)+('Test Patient 2'!$B40=$D40)*($E40<DayEnd)*($E40+VisitHrs/24>DayStart)+('Test Patient 2'!$C40=$D40)*((($E40+VisitHrs/24>DayEnd)+($E40<DayStart))>0)>=1,1,0),0) -> 0 | L40: =IF(AND($H40=1,$F40<>"",ISNUMBER($G40)),IF(((('Lucy Levene'!B40=$F40)*ISNUMBER('Lucy Levene'!C40)*(ABS('Lucy Levene'!C40-$G40)<VisitHrs/24)+('Lucy Levene'!D40=$F40)*ISNUMBER('Lucy Levene'!E40)*(ABS('Lucy Levene'!E40-$G40)<VisitHrs/24)+('Lucy Levene'!F40=$F40)*ISNUMBER('Lucy Levene'!G40)*(ABS('Lucy Levene'!G40-$G40)<VisitHrs/24)+('Tom Bock'!B40=$F40)*ISNUMBER('Tom Bock'!C40)*(ABS('Tom Bock'!C40-$G40)<VisitHrs/24)+('Tom Bock'!D40=$F40)*ISNUMBER('Tom Bock'!E40)*(ABS('Tom Bock'!E40-$G40)<VisitHrs/24)+('Tom Bock'!F40=$F40)*ISNUMBER('Tom Bock'!G40)*(ABS('Tom Bock'!G40-$G40)<VisitHrs/24)+(Jeremy!B40=$F40)*ISNUMBER(Jeremy!C40)*(ABS(Jeremy!C40-$G40)<VisitHrs/24)+(Jeremy!D40=$F40)*ISNUMBER(Jeremy!E40)*(ABS(Jeremy!E40-$G40)<VisitHrs/24)+(Jeremy!F40=$F40)*ISNUMBER(Jeremy!G40)*(ABS(Jeremy!G40-$G40)<VisitHrs/24)+('Test Patient'!B40=$F40)*ISNUMBER('Test Patient'!C40)*(ABS('Test Patient'!C40-$G40)<VisitHrs/24)+('Test Patient'!D40=$F40)*ISNUMBER('Test Patient'!E40)*(ABS('Test Patient'!E40-$G40)<VisitHrs/24)+('Test Patient'!F40=$F40)*ISNUMBER('Test Patient'!G40)*(ABS('Test Patient'!G40-$G40)<VisitHrs/24))-1)+('Anita Klesch'!$B40=$F40)*($G40<DayEnd)*($G40+VisitHrs/24>DayStart)+('Anita Klesch'!$C40=$F40)*((($G40+VisitHrs/24>DayEnd)+($G40<DayStart))>0)+('Test Patient 2'!$B40=$F40)*($G40<DayEnd)*($G40+VisitHrs/24>DayStart)+('Test Patient 2'!$C40=$F40)*((($G40+VisitHrs/24>DayEnd)+($G40<DayStart))>0)>=1,1,0),0) -> 0 | M40: =IF($H40=1,$B40,"") -> 0 | N40: =IF($H40=1,$D40,"") -> 0 | O40: =IF($H40=1,$F40,"") -> 0
A41: =A40+1 -> 46247 | H41: =IF($A41="",0,IF(AND(OR(NOT(ISNUMBER(LL_Start)),LL_Start=0,$A41>=LL_Start),OR(NOT(ISNUMBER(LL_End)),LL_End=0,$A41<=LL_End)),1,0)) -> 1 | I41: =IF($H41=1,($B41<>"")+($D41<>"")+($F41<>""),0) -> 0 | J41: =IF(AND($H41=1,$B41<>"",ISNUMBER($C41)),IF(((('Lucy Levene'!B41=$B41)*ISNUMBER('Lucy Levene'!C41)*(ABS('Lucy Levene'!C41-$C41)<VisitHrs/24)+('Lucy Levene'!D41=$B41)*ISNUMBER('Lucy Levene'!E41)*(ABS('Lucy Levene'!E41-$C41)<VisitHrs/24)+('Lucy Levene'!F41=$B41)*ISNUMBER('Lucy Levene'!G41)*(ABS('Lucy Levene'!G41-$C41)<VisitHrs/24)+('Tom Bock'!B41=$B41)*ISNUMBER('Tom Bock'!C41)*(ABS('Tom Bock'!C41-$C41)<VisitHrs/24)+('Tom Bock'!D41=$B41)*ISNUMBER('Tom Bock'!E41)*(ABS('Tom Bock'!E41-$C41)<VisitHrs/24)+('Tom Bock'!F41=$B41)*ISNUMBER('Tom Bock'!G41)*(ABS('Tom Bock'!G41-$C41)<VisitHrs/24)+(Jeremy!B41=$B41)*ISNUMBER(Jeremy!C41)*(ABS(Jeremy!C41-$C41)<VisitHrs/24)+(Jeremy!D41=$B41)*ISNUMBER(Jeremy!E41)*(ABS(Jeremy!E41-$C41)<VisitHrs/24)+(Jeremy!F41=$B41)*ISNUMBER(Jeremy!G41)*(ABS(Jeremy!G41-$C41)<VisitHrs/24)+('Test Patient'!B41=$B41)*ISNUMBER('Test Patient'!C41)*(ABS('Test Patient'!C41-$C41)<VisitHrs/24)+('Test Patient'!D41=$B41)*ISNUMBER('Test Patient'!E41)*(ABS('Test Patient'!E41-$C41)<VisitHrs/24)+('Test Patient'!F41=$B41)*ISNUMBER('Test Patient'!G41)*(ABS('Test Patient'!G41-$C41)<VisitHrs/24))-1)+('Anita Klesch'!$B41=$B41)*($C41<DayEnd)*($C41+VisitHrs/24>DayStart)+('Anita Klesch'!$C41=$B41)*((($C41+VisitHrs/24>DayEnd)+($C41<DayStart))>0)+('Test Patient 2'!$B41=$B41)*($C41<DayEnd)*($C41+VisitHrs/24>DayStart)+('Test Patient 2'!$C41=$B41)*((($C41+VisitHrs/24>DayEnd)+($C41<DayStart))>0)>=1,1,0),0) -> 0 | K41: =IF(AND($H41=1,$D41<>"",ISNUMBER($E41)),IF(((('Lucy Levene'!B41=$D41)*ISNUMBER('Lucy Levene'!C41)*(ABS('Lucy Levene'!C41-$E41)<VisitHrs/24)+('Lucy Levene'!D41=$D41)*ISNUMBER('Lucy Levene'!E41)*(ABS('Lucy Levene'!E41-$E41)<VisitHrs/24)+('Lucy Levene'!F41=$D41)*ISNUMBER('Lucy Levene'!G41)*(ABS('Lucy Levene'!G41-$E41)<VisitHrs/24)+('Tom Bock'!B41=$D41)*ISNUMBER('Tom Bock'!C41)*(ABS('Tom Bock'!C41-$E41)<VisitHrs/24)+('Tom Bock'!D41=$D41)*ISNUMBER('Tom Bock'!E41)*(ABS('Tom Bock'!E41-$E41)<VisitHrs/24)+('Tom Bock'!F41=$D41)*ISNUMBER('Tom Bock'!G41)*(ABS('Tom Bock'!G41-$E41)<VisitHrs/24)+(Jeremy!B41=$D41)*ISNUMBER(Jeremy!C41)*(ABS(Jeremy!C41-$E41)<VisitHrs/24)+(Jeremy!D41=$D41)*ISNUMBER(Jeremy!E41)*(ABS(Jeremy!E41-$E41)<VisitHrs/24)+(Jeremy!F41=$D41)*ISNUMBER(Jeremy!G41)*(ABS(Jeremy!G41-$E41)<VisitHrs/24)+('Test Patient'!B41=$D41)*ISNUMBER('Test Patient'!C41)*(ABS('Test Patient'!C41-$E41)<VisitHrs/24)+('Test Patient'!D41=$D41)*ISNUMBER('Test Patient'!E41)*(ABS('Test Patient'!E41-$E41)<VisitHrs/24)+('Test Patient'!F41=$D41)*ISNUMBER('Test Patient'!G41)*(ABS('Test Patient'!G41-$E41)<VisitHrs/24))-1)+('Anita Klesch'!$B41=$D41)*($E41<DayEnd)*($E41+VisitHrs/24>DayStart)+('Anita Klesch'!$C41=$D41)*((($E41+VisitHrs/24>DayEnd)+($E41<DayStart))>0)+('Test Patient 2'!$B41=$D41)*($E41<DayEnd)*($E41+VisitHrs/24>DayStart)+('Test Patient 2'!$C41=$D41)*((($E41+VisitHrs/24>DayEnd)+($E41<DayStart))>0)>=1,1,0),0) -> 0 | L41: =IF(AND($H41=1,$F41<>"",ISNUMBER($G41)),IF(((('Lucy Levene'!B41=$F41)*ISNUMBER('Lucy Levene'!C41)*(ABS('Lucy Levene'!C41-$G41)<VisitHrs/24)+('Lucy Levene'!D41=$F41)*ISNUMBER('Lucy Levene'!E41)*(ABS('Lucy Levene'!E41-$G41)<VisitHrs/24)+('Lucy Levene'!F41=$F41)*ISNUMBER('Lucy Levene'!G41)*(ABS('Lucy Levene'!G41-$G41)<VisitHrs/24)+('Tom Bock'!B41=$F41)*ISNUMBER('Tom Bock'!C41)*(ABS('Tom Bock'!C41-$G41)<VisitHrs/24)+('Tom Bock'!D41=$F41)*ISNUMBER('Tom Bock'!E41)*(ABS('Tom Bock'!E41-$G41)<VisitHrs/24)+('Tom Bock'!F41=$F41)*ISNUMBER('Tom Bock'!G41)*(ABS('Tom Bock'!G41-$G41)<VisitHrs/24)+(Jeremy!B41=$F41)*ISNUMBER(Jeremy!C41)*(ABS(Jeremy!C41-$G41)<VisitHrs/24)+(Jeremy!D41=$F41)*ISNUMBER(Jeremy!E41)*(ABS(Jeremy!E41-$G41)<VisitHrs/24)+(Jeremy!F41=$F41)*ISNUMBER(Jeremy!G41)*(ABS(Jeremy!G41-$G41)<VisitHrs/24)+('Test Patient'!B41=$F41)*ISNUMBER('Test Patient'!C41)*(ABS('Test Patient'!C41-$G41)<VisitHrs/24)+('Test Patient'!D41=$F41)*ISNUMBER('Test Patient'!E41)*(ABS('Test Patient'!E41-$G41)<VisitHrs/24)+('Test Patient'!F41=$F41)*ISNUMBER('Test Patient'!G41)*(ABS('Test Patient'!G41-$G41)<VisitHrs/24))-1)+('Anita Klesch'!$B41=$F41)*($G41<DayEnd)*($G41+VisitHrs/24>DayStart)+('Anita Klesch'!$C41=$F41)*((($G41+VisitHrs/24>DayEnd)+($G41<DayStart))>0)+('Test Patient 2'!$B41=$F41)*($G41<DayEnd)*($G41+VisitHrs/24>DayStart)+('Test Patient 2'!$C41=$F41)*((($G41+VisitHrs/24>DayEnd)+($G41<DayStart))>0)>=1,1,0),0) -> 0 | M41: =IF($H41=1,$B41,"") -> 0 | N41: =IF($H41=1,$D41,"") -> 0 | O41: =IF($H41=1,$F41,"") -> 0
A42: =A41+1 -> 46248 | H42: =IF($A42="",0,IF(AND(OR(NOT(ISNUMBER(LL_Start)),LL_Start=0,$A42>=LL_Start),OR(NOT(ISNUMBER(LL_End)),LL_End=0,$A42<=LL_End)),1,0)) -> 1 | I42: =IF($H42=1,($B42<>"")+($D42<>"")+($F42<>""),0) -> 0 | J42: =IF(AND($H42=1,$B42<>"",ISNUMBER($C42)),IF(((('Lucy Levene'!B42=$B42)*ISNUMBER('Lucy Levene'!C42)*(ABS('Lucy Levene'!C42-$C42)<VisitHrs/24)+('Lucy Levene'!D42=$B42)*ISNUMBER('Lucy Levene'!E42)*(ABS('Lucy Levene'!E42-$C42)<VisitHrs/24)+('Lucy Levene'!F42=$B42)*ISNUMBER('Lucy Levene'!G42)*(ABS('Lucy Levene'!G42-$C42)<VisitHrs/24)+('Tom Bock'!B42=$B42)*ISNUMBER('Tom Bock'!C42)*(ABS('Tom Bock'!C42-$C42)<VisitHrs/24)+('Tom Bock'!D42=$B42)*ISNUMBER('Tom Bock'!E42)*(ABS('Tom Bock'!E42-$C42)<VisitHrs/24)+('Tom Bock'!F42=$B42)*ISNUMBER('Tom Bock'!G42)*(ABS('Tom Bock'!G42-$C42)<VisitHrs/24)+(Jeremy!B42=$B42)*ISNUMBER(Jeremy!C42)*(ABS(Jeremy!C42-$C42)<VisitHrs/24)+(Jeremy!D42=$B42)*ISNUMBER(Jeremy!E42)*(ABS(Jeremy!E42-$C42)<VisitHrs/24)+(Jeremy!F42=$B42)*ISNUMBER(Jeremy!G42)*(ABS(Jeremy!G42-$C42)<VisitHrs/24)+('Test Patient'!B42=$B42)*ISNUMBER('Test Patient'!C42)*(ABS('Test Patient'!C42-$C42)<VisitHrs/24)+('Test Patient'!D42=$B42)*ISNUMBER('Test Patient'!E42)*(ABS('Test Patient'!E42-$C42)<VisitHrs/24)+('Test Patient'!F42=$B42)*ISNUMBER('Test Patient'!G42)*(ABS('Test Patient'!G42-$C42)<VisitHrs/24))-1)+('Anita Klesch'!$B42=$B42)*($C42<DayEnd)*($C42+VisitHrs/24>DayStart)+('Anita Klesch'!$C42=$B42)*((($C42+VisitHrs/24>DayEnd)+($C42<DayStart))>0)+('Test Patient 2'!$B42=$B42)*($C42<DayEnd)*($C42+VisitHrs/24>DayStart)+('Test Patient 2'!$C42=$B42)*((($C42+VisitHrs/24>DayEnd)+($C42<DayStart))>0)>=1,1,0),0) -> 0 | K42: =IF(AND($H42=1,$D42<>"",ISNUMBER($E42)),IF(((('Lucy Levene'!B42=$D42)*ISNUMBER('Lucy Levene'!C42)*(ABS('Lucy Levene'!C42-$E42)<VisitHrs/24)+('Lucy Levene'!D42=$D42)*ISNUMBER('Lucy Levene'!E42)*(ABS('Lucy Levene'!E42-$E42)<VisitHrs/24)+('Lucy Levene'!F42=$D42)*ISNUMBER('Lucy Levene'!G42)*(ABS('Lucy Levene'!G42-$E42)<VisitHrs/24)+('Tom Bock'!B42=$D42)*ISNUMBER('Tom Bock'!C42)*(ABS('Tom Bock'!C42-$E42)<VisitHrs/24)+('Tom Bock'!D42=$D42)*ISNUMBER('Tom Bock'!E42)*(ABS('Tom Bock'!E42-$E42)<VisitHrs/24)+('Tom Bock'!F42=$D42)*ISNUMBER('Tom Bock'!G42)*(ABS('Tom Bock'!G42-$E42)<VisitHrs/24)+(Jeremy!B42=$D42)*ISNUMBER(Jeremy!C42)*(ABS(Jeremy!C42-$E42)<VisitHrs/24)+(Jeremy!D42=$D42)*ISNUMBER(Jeremy!E42)*(ABS(Jeremy!E42-$E42)<VisitHrs/24)+(Jeremy!F42=$D42)*ISNUMBER(Jeremy!G42)*(ABS(Jeremy!G42-$E42)<VisitHrs/24)+('Test Patient'!B42=$D42)*ISNUMBER('Test Patient'!C42)*(ABS('Test Patient'!C42-$E42)<VisitHrs/24)+('Test Patient'!D42=$D42)*ISNUMBER('Test Patient'!E42)*(ABS('Test Patient'!E42-$E42)<VisitHrs/24)+('Test Patient'!F42=$D42)*ISNUMBER('Test Patient'!G42)*(ABS('Test Patient'!G42-$E42)<VisitHrs/24))-1)+('Anita Klesch'!$B42=$D42)*($E42<DayEnd)*($E42+VisitHrs/24>DayStart)+('Anita Klesch'!$C42=$D42)*((($E42+VisitHrs/24>DayEnd)+($E42<DayStart))>0)+('Test Patient 2'!$B42=$D42)*($E42<DayEnd)*($E42+VisitHrs/24>DayStart)+('Test Patient 2'!$C42=$D42)*((($E42+VisitHrs/24>DayEnd)+($E42<DayStart))>0)>=1,1,0),0) -> 0 | L42: =IF(AND($H42=1,$F42<>"",ISNUMBER($G42)),IF(((('Lucy Levene'!B42=$F42)*ISNUMBER('Lucy Levene'!C42)*(ABS('Lucy Levene'!C42-$G42)<VisitHrs/24)+('Lucy Levene'!D42=$F42)*ISNUMBER('Lucy Levene'!E42)*(ABS('Lucy Levene'!E42-$G42)<VisitHrs/24)+('Lucy Levene'!F42=$F42)*ISNUMBER('Lucy Levene'!G42)*(ABS('Lucy Levene'!G42-$G42)<VisitHrs/24)+('Tom Bock'!B42=$F42)*ISNUMBER('Tom Bock'!C42)*(ABS('Tom Bock'!C42-$G42)<VisitHrs/24)+('Tom Bock'!D42=$F42)*ISNUMBER('Tom Bock'!E42)*(ABS('Tom Bock'!E42-$G42)<VisitHrs/24)+('Tom Bock'!F42=$F42)*ISNUMBER('Tom Bock'!G42)*(ABS('Tom Bock'!G42-$G42)<VisitHrs/24)+(Jeremy!B42=$F42)*ISNUMBER(Jeremy!C42)*(ABS(Jeremy!C42-$G42)<VisitHrs/24)+(Jeremy!D42=$F42)*ISNUMBER(Jeremy!E42)*(ABS(Jeremy!E42-$G42)<VisitHrs/24)+(Jeremy!F42=$F42)*ISNUMBER(Jeremy!G42)*(ABS(Jeremy!G42-$G42)<VisitHrs/24)+('Test Patient'!B42=$F42)*ISNUMBER('Test Patient'!C42)*(ABS('Test Patient'!C42-$G42)<VisitHrs/24)+('Test Patient'!D42=$F42)*ISNUMBER('Test Patient'!E42)*(ABS('Test Patient'!E42-$G42)<VisitHrs/24)+('Test Patient'!F42=$F42)*ISNUMBER('Test Patient'!G42)*(ABS('Test Patient'!G42-$G42)<VisitHrs/24))-1)+('Anita Klesch'!$B42=$F42)*($G42<DayEnd)*($G42+VisitHrs/24>DayStart)+('Anita Klesch'!$C42=$F42)*((($G42+VisitHrs/24>DayEnd)+($G42<DayStart))>0)+('Test Patient 2'!$B42=$F42)*($G42<DayEnd)*($G42+VisitHrs/24>DayStart)+('Test Patient 2'!$C42=$F42)*((($G42+VisitHrs/24>DayEnd)+($G42<DayStart))>0)>=1,1,0),0) -> 0 | M42: =IF($H42=1,$B42,"") -> 0 | N42: =IF($H42=1,$D42,"") -> 0 | O42: =IF($H42=1,$F42,"") -> 0

Sheet Anita Klesch
A1: Anita Klesch — Care Rota
A2: 24-hour coverage · Day 08:00–20:00 | Night 20:00–08:00
A4: Date | B4: Day Shift (12h) | C4: Night Shift (12h) | H4: inWin | J4: fDay | K4: fNight | M4: effDay | N4: effNight
A5: =DATE(2026,7,8) -> 46211 | B5: Naresh | C5: Maica | H5: =IF($A5="",0,IF(AND(OR(NOT(ISNUMBER(AK_Start)),AK_Start=0,$A5>=AK_Start),OR(NOT(ISNUMBER(AK_End)),AK_End=0,$A5<=AK_End)),1,0)) -> 1 | J5: =IF(AND($H5=1,$B5<>""),IF((('Lucy Levene'!B5=$B5)*ISNUMBER('Lucy Levene'!C5)*('Lucy Levene'!C5<DayEnd)*('Lucy Levene'!C5+VisitHrs/24>DayStart)+('Lucy Levene'!D5=$B5)*ISNUMBER('Lucy Levene'!E5)*('Lucy Levene'!E5<DayEnd)*('Lucy Levene'!E5+VisitHrs/24>DayStart)+('Lucy Levene'!F5=$B5)*ISNUMBER('Lucy Levene'!G5)*('Lucy Levene'!G5<DayEnd)*('Lucy Levene'!G5+VisitHrs/24>DayStart)+('Tom Bock'!B5=$B5)*ISNUMBER('Tom Bock'!C5)*('Tom Bock'!C5<DayEnd)*('Tom Bock'!C5+VisitHrs/24>DayStart)+('Tom Bock'!D5=$B5)*ISNUMBER('Tom Bock'!E5)*('Tom Bock'!E5<DayEnd)*('Tom Bock'!E5+VisitHrs/24>DayStart)+('Tom Bock'!F5=$B5)*ISNUMBER('Tom Bock'!G5)*('Tom Bock'!G5<DayEnd)*('Tom Bock'!G5+VisitHrs/24>DayStart)+(Jeremy!B5=$B5)*ISNUMBER(Jeremy!C5)*(Jeremy!C5<DayEnd)*(Jeremy!C5+VisitHrs/24>DayStart)+(Jeremy!D5=$B5)*ISNUMBER(Jeremy!E5)*(Jeremy!E5<DayEnd)*(Jeremy!E5+VisitHrs/24>DayStart)+(Jeremy!F5=$B5)*ISNUMBER(Jeremy!G5)*(Jeremy!G5<DayEnd)*(Jeremy!G5+VisitHrs/24>DayStart)+('Test Patient'!B5=$B5)*ISNUMBER('Test Patient'!C5)*('Test Patient'!C5<DayEnd)*('Test Patient'!C5+VisitHrs/24>DayStart)+('Test Patient'!D5=$B5)*ISNUMBER('Test Patient'!E5)*('Test Patient'!E5<DayEnd)*('Test Patient'!E5+VisitHrs/24>DayStart)+('Test Patient'!F5=$B5)*ISNUMBER('Test Patient'!G5)*('Test Patient'!G5<DayEnd)*('Test Patient'!G5+VisitHrs/24>DayStart))+((('Anita Klesch'!$B5=$B5)+('Test Patient 2'!$B5=$B5))-1)+($C5=$B5)*($B5<>"")>=1,1,0),0) -> 0 | K5: =IF(AND($H5=1,$C5<>""),IF((('Lucy Levene'!B5=$C5)*ISNUMBER('Lucy Levene'!C5)*((('Lucy Levene'!C5+VisitHrs/24>DayEnd)+('Lucy Levene'!C5<DayStart))>0)+('Lucy Levene'!D5=$C5)*ISNUMBER('Lucy Levene'!E5)*((('Lucy Levene'!E5+VisitHrs/24>DayEnd)+('Lucy Levene'!E5<DayStart))>0)+('Lucy Levene'!F5=$C5)*ISNUMBER('Lucy Levene'!G5)*((('Lucy Levene'!G5+VisitHrs/24>DayEnd)+('Lucy Levene'!G5<DayStart))>0)+('Tom Bock'!B5=$C5)*ISNUMBER('Tom Bock'!C5)*((('Tom Bock'!C5+VisitHrs/24>DayEnd)+('Tom Bock'!C5<DayStart))>0)+('Tom Bock'!D5=$C5)*ISNUMBER('Tom Bock'!E5)*((('Tom Bock'!E5+VisitHrs/24>DayEnd)+('Tom Bock'!E5<DayStart))>0)+('Tom Bock'!F5=$C5)*ISNUMBER('Tom Bock'!G5)*((('Tom Bock'!G5+VisitHrs/24>DayEnd)+('Tom Bock'!G5<DayStart))>0)+(Jeremy!B5=$C5)*ISNUMBER(Jeremy!C5)*(((Jeremy!C5+VisitHrs/24>DayEnd)+(Jeremy!C5<DayStart))>0)+(Jeremy!D5=$C5)*ISNUMBER(Jeremy!E5)*(((Jeremy!E5+VisitHrs/24>DayEnd)+(Jeremy!E5<DayStart))>0)+(Jeremy!F5=$C5)*ISNUMBER(Jeremy!G5)*(((Jeremy!G5+VisitHrs/24>DayEnd)+(Jeremy!G5<DayStart))>0)+('Test Patient'!B5=$C5)*ISNUMBER('Test Patient'!C5)*((('Test Patient'!C5+VisitHrs/24>DayEnd)+('Test Patient'!C5<DayStart))>0)+('Test Patient'!D5=$C5)*ISNUMBER('Test Patient'!E5)*((('Test Patient'!E5+VisitHrs/24>DayEnd)+('Test Patient'!E5<DayStart))>0)+('Test Patient'!F5=$C5)*ISNUMBER('Test Patient'!G5)*((('Test Patient'!G5+VisitHrs/24>DayEnd)+('Test Patient'!G5<DayStart))>0))+((('Anita Klesch'!$C5=$C5)+('Test Patient 2'!$C5=$C5))-1)+($B5=$C5)*($C5<>"")>=1,1,0),0) -> 0 | M5: =IF($H5=1,$B5,"") -> Naresh | N5: =IF($H5=1,$C5,"") -> Maica
A6: =A5+1 -> 46212 | B6: Naresh | C6: Maica | H6: =IF($A6="",0,IF(AND(OR(NOT(ISNUMBER(AK_Start)),AK_Start=0,$A6>=AK_Start),OR(NOT(ISNUMBER(AK_End)),AK_End=0,$A6<=AK_End)),1,0)) -> 1 | J6: =IF(AND($H6=1,$B6<>""),IF((('Lucy Levene'!B6=$B6)*ISNUMBER('Lucy Levene'!C6)*('Lucy Levene'!C6<DayEnd)*('Lucy Levene'!C6+VisitHrs/24>DayStart)+('Lucy Levene'!D6=$B6)*ISNUMBER('Lucy Levene'!E6)*('Lucy Levene'!E6<DayEnd)*('Lucy Levene'!E6+VisitHrs/24>DayStart)+('Lucy Levene'!F6=$B6)*ISNUMBER('Lucy Levene'!G6)*('Lucy Levene'!G6<DayEnd)*('Lucy Levene'!G6+VisitHrs/24>DayStart)+('Tom Bock'!B6=$B6)*ISNUMBER('Tom Bock'!C6)*('Tom Bock'!C6<DayEnd)*('Tom Bock'!C6+VisitHrs/24>DayStart)+('Tom Bock'!D6=$B6)*ISNUMBER('Tom Bock'!E6)*('Tom Bock'!E6<DayEnd)*('Tom Bock'!E6+VisitHrs/24>DayStart)+('Tom Bock'!F6=$B6)*ISNUMBER('Tom Bock'!G6)*('Tom Bock'!G6<DayEnd)*('Tom Bock'!G6+VisitHrs/24>DayStart)+(Jeremy!B6=$B6)*ISNUMBER(Jeremy!C6)*(Jeremy!C6<DayEnd)*(Jeremy!C6+VisitHrs/24>DayStart)+(Jeremy!D6=$B6)*ISNUMBER(Jeremy!E6)*(Jeremy!E6<DayEnd)*(Jeremy!E6+VisitHrs/24>DayStart)+(Jeremy!F6=$B6)*ISNUMBER(Jeremy!G6)*(Jeremy!G6<DayEnd)*(Jeremy!G6+VisitHrs/24>DayStart)+('Test Patient'!B6=$B6)*ISNUMBER('Test Patient'!C6)*('Test Patient'!C6<DayEnd)*('Test Patient'!C6+VisitHrs/24>DayStart)+('Test Patient'!D6=$B6)*ISNUMBER('Test Patient'!E6)*('Test Patient'!E6<DayEnd)*('Test Patient'!E6+VisitHrs/24>DayStart)+('Test Patient'!F6=$B6)*ISNUMBER('Test Patient'!G6)*('Test Patient'!G6<DayEnd)*('Test Patient'!G6+VisitHrs/24>DayStart))+((('Anita Klesch'!$B6=$B6)+('Test Patient 2'!$B6=$B6))-1)+($C6=$B6)*($B6<>"")>=1,1,0),0) -> 0 | K6: =IF(AND($H6=1,$C6<>""),IF((('Lucy Levene'!B6=$C6)*ISNUMBER('Lucy Levene'!C6)*((('Lucy Levene'!C6+VisitHrs/24>DayEnd)+('Lucy Levene'!C6<DayStart))>0)+('Lucy Levene'!D6=$C6)*ISNUMBER('Lucy Levene'!E6)*((('Lucy Levene'!E6+VisitHrs/24>DayEnd)+('Lucy Levene'!E6<DayStart))>0)+('Lucy Levene'!F6=$C6)*ISNUMBER('Lucy Levene'!G6)*((('Lucy Levene'!G6+VisitHrs/24>DayEnd)+('Lucy Levene'!G6<DayStart))>0)+('Tom Bock'!B6=$C6)*ISNUMBER('Tom Bock'!C6)*((('Tom Bock'!C6+VisitHrs/24>DayEnd)+('Tom Bock'!C6<DayStart))>0)+('Tom Bock'!D6=$C6)*ISNUMBER('Tom Bock'!E6)*((('Tom Bock'!E6+VisitHrs/24>DayEnd)+('Tom Bock'!E6<DayStart))>0)+('Tom Bock'!F6=$C6)*ISNUMBER('Tom Bock'!G6)*((('Tom Bock'!G6+VisitHrs/24>DayEnd)+('Tom Bock'!G6<DayStart))>0)+(Jeremy!B6=$C6)*ISNUMBER(Jeremy!C6)*(((Jeremy!C6+VisitHrs/24>DayEnd)+(Jeremy!C6<DayStart))>0)+(Jeremy!D6=$C6)*ISNUMBER(Jeremy!E6)*(((Jeremy!E6+VisitHrs/24>DayEnd)+(Jeremy!E6<DayStart))>0)+(Jeremy!F6=$C6)*ISNUMBER(Jeremy!G6)*(((Jeremy!G6+VisitHrs/24>DayEnd)+(Jeremy!G6<DayStart))>0)+('Test Patient'!B6=$C6)*ISNUMBER('Test Patient'!C6)*((('Test Patient'!C6+VisitHrs/24>DayEnd)+('Test Patient'!C6<DayStart))>0)+('Test Patient'!D6=$C6)*ISNUMBER('Test Patient'!E6)*((('Test Patient'!E6+VisitHrs/24>DayEnd)+('Test Patient'!E6<DayStart))>0)+('Test Patient'!F6=$C6)*ISNUMBER('Test Patient'!G6)*((('Test Patient'!G6+VisitHrs/24>DayEnd)+('Test Patient'!G6<DayStart))>0))+((('Anita Klesch'!$C6=$C6)+('Test Patient 2'!$C6=$C6))-1)+($B6=$C6)*($C6<>"")>=1,1,0),0) -> 0 | M6: =IF($H6=1,$B6,"") -> Naresh | N6: =IF($H6=1,$C6,"") -> Maica
A7: =A6+1 -> 46213 | B7: Rochelle | C7: Naresh | H7: =IF($A7="",0,IF(AND(OR(NOT(ISNUMBER(AK_Start)),AK_Start=0,$A7>=AK_Start),OR(NOT(ISNUMBER(AK_End)),AK_End=0,$A7<=AK_End)),1,0)) -> 1 | J7: =IF(AND($H7=1,$B7<>""),IF((('Lucy Levene'!B7=$B7)*ISNUMBER('Lucy Levene'!C7)*('Lucy Levene'!C7<DayEnd)*('Lucy Levene'!C7+VisitHrs/24>DayStart)+('Lucy Levene'!D7=$B7)*ISNUMBER('Lucy Levene'!E7)*('Lucy Levene'!E7<DayEnd)*('Lucy Levene'!E7+VisitHrs/24>DayStart)+('Lucy Levene'!F7=$B7)*ISNUMBER('Lucy Levene'!G7)*('Lucy Levene'!G7<DayEnd)*('Lucy Levene'!G7+VisitHrs/24>DayStart)+('Tom Bock'!B7=$B7)*ISNUMBER('Tom Bock'!C7)*('Tom Bock'!C7<DayEnd)*('Tom Bock'!C7+VisitHrs/24>DayStart)+('Tom Bock'!D7=$B7)*ISNUMBER('Tom Bock'!E7)*('Tom Bock'!E7<DayEnd)*('Tom Bock'!E7+VisitHrs/24>DayStart)+('Tom Bock'!F7=$B7)*ISNUMBER('Tom Bock'!G7)*('Tom Bock'!G7<DayEnd)*('Tom Bock'!G7+VisitHrs/24>DayStart)+(Jeremy!B7=$B7)*ISNUMBER(Jeremy!C7)*(Jeremy!C7<DayEnd)*(Jeremy!C7+VisitHrs/24>DayStart)+(Jeremy!D7=$B7)*ISNUMBER(Jeremy!E7)*(Jeremy!E7<DayEnd)*(Jeremy!E7+VisitHrs/24>DayStart)+(Jeremy!F7=$B7)*ISNUMBER(Jeremy!G7)*(Jeremy!G7<DayEnd)*(Jeremy!G7+VisitHrs/24>DayStart)+('Test Patient'!B7=$B7)*ISNUMBER('Test Patient'!C7)*('Test Patient'!C7<DayEnd)*('Test Patient'!C7+VisitHrs/24>DayStart)+('Test Patient'!D7=$B7)*ISNUMBER('Test Patient'!E7)*('Test Patient'!E7<DayEnd)*('Test Patient'!E7+VisitHrs/24>DayStart)+('Test Patient'!F7=$B7)*ISNUMBER('Test Patient'!G7)*('Test Patient'!G7<DayEnd)*('Test Patient'!G7+VisitHrs/24>DayStart))+((('Anita Klesch'!$B7=$B7)+('Test Patient 2'!$B7=$B7))-1)+($C7=$B7)*($B7<>"")>=1,1,0),0) -> 0 | K7: =IF(AND($H7=1,$C7<>""),IF((('Lucy Levene'!B7=$C7)*ISNUMBER('Lucy Levene'!C7)*((('Lucy Levene'!C7+VisitHrs/24>DayEnd)+('Lucy Levene'!C7<DayStart))>0)+('Lucy Levene'!D7=$C7)*ISNUMBER('Lucy Levene'!E7)*((('Lucy Levene'!E7+VisitHrs/24>DayEnd)+('Lucy Levene'!E7<DayStart))>0)+('Lucy Levene'!F7=$C7)*ISNUMBER('Lucy Levene'!G7)*((('Lucy Levene'!G7+VisitHrs/24>DayEnd)+('Lucy Levene'!G7<DayStart))>0)+('Tom Bock'!B7=$C7)*ISNUMBER('Tom Bock'!C7)*((('Tom Bock'!C7+VisitHrs/24>DayEnd)+('Tom Bock'!C7<DayStart))>0)+('Tom Bock'!D7=$C7)*ISNUMBER('Tom Bock'!E7)*((('Tom Bock'!E7+VisitHrs/24>DayEnd)+('Tom Bock'!E7<DayStart))>0)+('Tom Bock'!F7=$C7)*ISNUMBER('Tom Bock'!G7)*((('Tom Bock'!G7+VisitHrs/24>DayEnd)+('Tom Bock'!G7<DayStart))>0)+(Jeremy!B7=$C7)*ISNUMBER(Jeremy!C7)*(((Jeremy!C7+VisitHrs/24>DayEnd)+(Jeremy!C7<DayStart))>0)+(Jeremy!D7=$C7)*ISNUMBER(Jeremy!E7)*(((Jeremy!E7+VisitHrs/24>DayEnd)+(Jeremy!E7<DayStart))>0)+(Jeremy!F7=$C7)*ISNUMBER(Jeremy!G7)*(((Jeremy!G7+VisitHrs/24>DayEnd)+(Jeremy!G7<DayStart))>0)+('Test Patient'!B7=$C7)*ISNUMBER('Test Patient'!C7)*((('Test Patient'!C7+VisitHrs/24>DayEnd)+('Test Patient'!C7<DayStart))>0)+('Test Patient'!D7=$C7)*ISNUMBER('Test Patient'!E7)*((('Test Patient'!E7+VisitHrs/24>DayEnd)+('Test Patient'!E7<DayStart))>0)+('Test Patient'!F7=$C7)*ISNUMBER('Test Patient'!G7)*((('Test Patient'!G7+VisitHrs/24>DayEnd)+('Test Patient'!G7<DayStart))>0))+((('Anita Klesch'!$C7=$C7)+('Test Patient 2'!$C7=$C7))-1)+($B7=$C7)*($C7<>"")>=1,1,0),0) -> 0 | M7: =IF($H7=1,$B7,"") -> Rochelle | N7: =IF($H7=1,$C7,"") -> Naresh
A8: =A7+1 -> 46214 | B8: Rochelle | C8: Naresh | H8: =IF($A8="",0,IF(AND(OR(NOT(ISNUMBER(AK_Start)),AK_Start=0,$A8>=AK_Start),OR(NOT(ISNUMBER(AK_End)),AK_End=0,$A8<=AK_End)),1,0)) -> 1 | J8: =IF(AND($H8=1,$B8<>""),IF((('Lucy Levene'!B8=$B8)*ISNUMBER('Lucy Levene'!C8)*('Lucy Levene'!C8<DayEnd)*('Lucy Levene'!C8+VisitHrs/24>DayStart)+('Lucy Levene'!D8=$B8)*ISNUMBER('Lucy Levene'!E8)*('Lucy Levene'!E8<DayEnd)*('Lucy Levene'!E8+VisitHrs/24>DayStart)+('Lucy Levene'!F8=$B8)*ISNUMBER('Lucy Levene'!G8)*('Lucy Levene'!G8<DayEnd)*('Lucy Levene'!G8+VisitHrs/24>DayStart)+('Tom Bock'!B8=$B8)*ISNUMBER('Tom Bock'!C8)*('Tom Bock'!C8<DayEnd)*('Tom Bock'!C8+VisitHrs/24>DayStart)+('Tom Bock'!D8=$B8)*ISNUMBER('Tom Bock'!E8)*('Tom Bock'!E8<DayEnd)*('Tom Bock'!E8+VisitHrs/24>DayStart)+('Tom Bock'!F8=$B8)*ISNUMBER('Tom Bock'!G8)*('Tom Bock'!G8<DayEnd)*('Tom Bock'!G8+VisitHrs/24>DayStart)+(Jeremy!B8=$B8)*ISNUMBER(Jeremy!C8)*(Jeremy!C8<DayEnd)*(Jeremy!C8+VisitHrs/24>DayStart)+(Jeremy!D8=$B8)*ISNUMBER(Jeremy!E8)*(Jeremy!E8<DayEnd)*(Jeremy!E8+VisitHrs/24>DayStart)+(Jeremy!F8=$B8)*ISNUMBER(Jeremy!G8)*(Jeremy!G8<DayEnd)*(Jeremy!G8+VisitHrs/24>DayStart)+('Test Patient'!B8=$B8)*ISNUMBER('Test Patient'!C8)*('Test Patient'!C8<DayEnd)*('Test Patient'!C8+VisitHrs/24>DayStart)+('Test Patient'!D8=$B8)*ISNUMBER('Test Patient'!E8)*('Test Patient'!E8<DayEnd)*('Test Patient'!E8+VisitHrs/24>DayStart)+('Test Patient'!F8=$B8)*ISNUMBER('Test Patient'!G8)*('Test Patient'!G8<DayEnd)*('Test Patient'!G8+VisitHrs/24>DayStart))+((('Anita Klesch'!$B8=$B8)+('Test Patient 2'!$B8=$B8))-1)+($C8=$B8)*($B8<>"")>=1,1,0),0) -> 0 | K8: =IF(AND($H8=1,$C8<>""),IF((('Lucy Levene'!B8=$C8)*ISNUMBER('Lucy Levene'!C8)*((('Lucy Levene'!C8+VisitHrs/24>DayEnd)+('Lucy Levene'!C8<DayStart))>0)+('Lucy Levene'!D8=$C8)*ISNUMBER('Lucy Levene'!E8)*((('Lucy Levene'!E8+VisitHrs/24>DayEnd)+('Lucy Levene'!E8<DayStart))>0)+('Lucy Levene'!F8=$C8)*ISNUMBER('Lucy Levene'!G8)*((('Lucy Levene'!G8+VisitHrs/24>DayEnd)+('Lucy Levene'!G8<DayStart))>0)+('Tom Bock'!B8=$C8)*ISNUMBER('Tom Bock'!C8)*((('Tom Bock'!C8+VisitHrs/24>DayEnd)+('Tom Bock'!C8<DayStart))>0)+('Tom Bock'!D8=$C8)*ISNUMBER('Tom Bock'!E8)*((('Tom Bock'!E8+VisitHrs/24>DayEnd)+('Tom Bock'!E8<DayStart))>0)+('Tom Bock'!F8=$C8)*ISNUMBER('Tom Bock'!G8)*((('Tom Bock'!G8+VisitHrs/24>DayEnd)+('Tom Bock'!G8<DayStart))>0)+(Jeremy!B8=$C8)*ISNUMBER(Jeremy!C8)*(((Jeremy!C8+VisitHrs/24>DayEnd)+(Jeremy!C8<DayStart))>0)+(Jeremy!D8=$C8)*ISNUMBER(Jeremy!E8)*(((Jeremy!E8+VisitHrs/24>DayEnd)+(Jeremy!E8<DayStart))>0)+(Jeremy!F8=$C8)*ISNUMBER(Jeremy!G8)*(((Jeremy!G8+VisitHrs/24>DayEnd)+(Jeremy!G8<DayStart))>0)+('Test Patient'!B8=$C8)*ISNUMBER('Test Patient'!C8)*((('Test Patient'!C8+VisitHrs/24>DayEnd)+('Test Patient'!C8<DayStart))>0)+('Test Patient'!D8=$C8)*ISNUMBER('Test Patient'!E8)*((('Test Patient'!E8+VisitHrs/24>DayEnd)+('Test Patient'!E8<DayStart))>0)+('Test Patient'!F8=$C8)*ISNUMBER('Test Patient'!G8)*((('Test Patient'!G8+VisitHrs/24>DayEnd)+('Test Patient'!G8<DayStart))>0))+((('Anita Klesch'!$C8=$C8)+('Test Patient 2'!$C8=$C8))-1)+($B8=$C8)*($C8<>"")>=1,1,0),0) -> 0 | M8: =IF($H8=1,$B8,"") -> Rochelle | N8: =IF($H8=1,$C8,"") -> Naresh
A9: =A8+1 -> 46215 | B9: Rochelle | C9: Naresh | H9: =IF($A9="",0,IF(AND(OR(NOT(ISNUMBER(AK_Start)),AK_Start=0,$A9>=AK_Start),OR(NOT(ISNUMBER(AK_End)),AK_End=0,$A9<=AK_End)),1,0)) -> 1 | J9: =IF(AND($H9=1,$B9<>""),IF((('Lucy Levene'!B9=$B9)*ISNUMBER('Lucy Levene'!C9)*('Lucy Levene'!C9<DayEnd)*('Lucy Levene'!C9+VisitHrs/24>DayStart)+('Lucy Levene'!D9=$B9)*ISNUMBER('Lucy Levene'!E9)*('Lucy Levene'!E9<DayEnd)*('Lucy Levene'!E9+VisitHrs/24>DayStart)+('Lucy Levene'!F9=$B9)*ISNUMBER('Lucy Levene'!G9)*('Lucy Levene'!G9<DayEnd)*('Lucy Levene'!G9+VisitHrs/24>DayStart)+('Tom Bock'!B9=$B9)*ISNUMBER('Tom Bock'!C9)*('Tom Bock'!C9<DayEnd)*('Tom Bock'!C9+VisitHrs/24>DayStart)+('Tom Bock'!D9=$B9)*ISNUMBER('Tom Bock'!E9)*('Tom Bock'!E9<DayEnd)*('Tom Bock'!E9+VisitHrs/24>DayStart)+('Tom Bock'!F9=$B9)*ISNUMBER('Tom Bock'!G9)*('Tom Bock'!G9<DayEnd)*('Tom Bock'!G9+VisitHrs/24>DayStart)+(Jeremy!B9=$B9)*ISNUMBER(Jeremy!C9)*(Jeremy!C9<DayEnd)*(Jeremy!C9+VisitHrs/24>DayStart)+(Jeremy!D9=$B9)*ISNUMBER(Jeremy!E9)*(Jeremy!E9<DayEnd)*(Jeremy!E9+VisitHrs/24>DayStart)+(Jeremy!F9=$B9)*ISNUMBER(Jeremy!G9)*(Jeremy!G9<DayEnd)*(Jeremy!G9+VisitHrs/24>DayStart)+('Test Patient'!B9=$B9)*ISNUMBER('Test Patient'!C9)*('Test Patient'!C9<DayEnd)*('Test Patient'!C9+VisitHrs/24>DayStart)+('Test Patient'!D9=$B9)*ISNUMBER('Test Patient'!E9)*('Test Patient'!E9<DayEnd)*('Test Patient'!E9+VisitHrs/24>DayStart)+('Test Patient'!F9=$B9)*ISNUMBER('Test Patient'!G9)*('Test Patient'!G9<DayEnd)*('Test Patient'!G9+VisitHrs/24>DayStart))+((('Anita Klesch'!$B9=$B9)+('Test Patient 2'!$B9=$B9))-1)+($C9=$B9)*($B9<>"")>=1,1,0),0) -> 0 | K9: =IF(AND($H9=1,$C9<>""),IF((('Lucy Levene'!B9=$C9)*ISNUMBER('Lucy Levene'!C9)*((('Lucy Levene'!C9+VisitHrs/24>DayEnd)+('Lucy Levene'!C9<DayStart))>0)+('Lucy Levene'!D9=$C9)*ISNUMBER('Lucy Levene'!E9)*((('Lucy Levene'!E9+VisitHrs/24>DayEnd)+('Lucy Levene'!E9<DayStart))>0)+('Lucy Levene'!F9=$C9)*ISNUMBER('Lucy Levene'!G9)*((('Lucy Levene'!G9+VisitHrs/24>DayEnd)+('Lucy Levene'!G9<DayStart))>0)+('Tom Bock'!B9=$C9)*ISNUMBER('Tom Bock'!C9)*((('Tom Bock'!C9+VisitHrs/24>DayEnd)+('Tom Bock'!C9<DayStart))>0)+('Tom Bock'!D9=$C9)*ISNUMBER('Tom Bock'!E9)*((('Tom Bock'!E9+VisitHrs/24>DayEnd)+('Tom Bock'!E9<DayStart))>0)+('Tom Bock'!F9=$C9)*ISNUMBER('Tom Bock'!G9)*((('Tom Bock'!G9+VisitHrs/24>DayEnd)+('Tom Bock'!G9<DayStart))>0)+(Jeremy!B9=$C9)*ISNUMBER(Jeremy!C9)*(((Jeremy!C9+VisitHrs/24>DayEnd)+(Jeremy!C9<DayStart))>0)+(Jeremy!D9=$C9)*ISNUMBER(Jeremy!E9)*(((Jeremy!E9+VisitHrs/24>DayEnd)+(Jeremy!E9<DayStart))>0)+(Jeremy!F9=$C9)*ISNUMBER(Jeremy!G9)*(((Jeremy!G9+VisitHrs/24>DayEnd)+(Jeremy!G9<DayStart))>0)+('Test Patient'!B9=$C9)*ISNUMBER('Test Patient'!C9)*((('Test Patient'!C9+VisitHrs/24>DayEnd)+('Test Patient'!C9<DayStart))>0)+('Test Patient'!D9=$C9)*ISNUMBER('Test Patient'!E9)*((('Test Patient'!E9+VisitHrs/24>DayEnd)+('Test Patient'!E9<DayStart))>0)+('Test Patient'!F9=$C9)*ISNUMBER('Test Patient'!G9)*((('Test Patient'!G9+VisitHrs/24>DayEnd)+('Test Patient'!G9<DayStart))>0))+((('Anita Klesch'!$C9=$C9)+('Test Patient 2'!$C9=$C9))-1)+($B9=$C9)*($C9<>"")>=1,1,0),0) -> 0 | M9: =IF($H9=1,$B9,"") -> Rochelle | N9: =IF($H9=1,$C9,"") -> Naresh
A10: =A9+1 -> 46216 | B10: Ruth | C10: Maica | H10: =IF($A10="",0,IF(AND(OR(NOT(ISNUMBER(AK_Start)),AK_Start=0,$A10>=AK_Start),OR(NOT(ISNUMBER(AK_End)),AK_End=0,$A10<=AK_End)),1,0)) -> 1 | J10: =IF(AND($H10=1,$B10<>""),IF((('Lucy Levene'!B10=$B10)*ISNUMBER('Lucy Levene'!C10)*('Lucy Levene'!C10<DayEnd)*('Lucy Levene'!C10+VisitHrs/24>DayStart)+('Lucy Levene'!D10=$B10)*ISNUMBER('Lucy Levene'!E10)*('Lucy Levene'!E10<DayEnd)*('Lucy Levene'!E10+VisitHrs/24>DayStart)+('Lucy Levene'!F10=$B10)*ISNUMBER('Lucy Levene'!G10)*('Lucy Levene'!G10<DayEnd)*('Lucy Levene'!G10+VisitHrs/24>DayStart)+('Tom Bock'!B10=$B10)*ISNUMBER('Tom Bock'!C10)*('Tom Bock'!C10<DayEnd)*('Tom Bock'!C10+VisitHrs/24>DayStart)+('Tom Bock'!D10=$B10)*ISNUMBER('Tom Bock'!E10)*('Tom Bock'!E10<DayEnd)*('Tom Bock'!E10+VisitHrs/24>DayStart)+('Tom Bock'!F10=$B10)*ISNUMBER('Tom Bock'!G10)*('Tom Bock'!G10<DayEnd)*('Tom Bock'!G10+VisitHrs/24>DayStart)+(Jeremy!B10=$B10)*ISNUMBER(Jeremy!C10)*(Jeremy!C10<DayEnd)*(Jeremy!C10+VisitHrs/24>DayStart)+(Jeremy!D10=$B10)*ISNUMBER(Jeremy!E10)*(Jeremy!E10<DayEnd)*(Jeremy!E10+VisitHrs/24>DayStart)+(Jeremy!F10=$B10)*ISNUMBER(Jeremy!G10)*(Jeremy!G10<DayEnd)*(Jeremy!G10+VisitHrs/24>DayStart)+('Test Patient'!B10=$B10)*ISNUMBER('Test Patient'!C10)*('Test Patient'!C10<DayEnd)*('Test Patient'!C10+VisitHrs/24>DayStart)+('Test Patient'!D10=$B10)*ISNUMBER('Test Patient'!E10)*('Test Patient'!E10<DayEnd)*('Test Patient'!E10+VisitHrs/24>DayStart)+('Test Patient'!F10=$B10)*ISNUMBER('Test Patient'!G10)*('Test Patient'!G10<DayEnd)*('Test Patient'!G10+VisitHrs/24>DayStart))+((('Anita Klesch'!$B10=$B10)+('Test Patient 2'!$B10=$B10))-1)+($C10=$B10)*($B10<>"")>=1,1,0),0) -> 0 | K10: =IF(AND($H10=1,$C10<>""),IF((('Lucy Levene'!B10=$C10)*ISNUMBER('Lucy Levene'!C10)*((('Lucy Levene'!C10+VisitHrs/24>DayEnd)+('Lucy Levene'!C10<DayStart))>0)+('Lucy Levene'!D10=$C10)*ISNUMBER('Lucy Levene'!E10)*((('Lucy Levene'!E10+VisitHrs/24>DayEnd)+('Lucy Levene'!E10<DayStart))>0)+('Lucy Levene'!F10=$C10)*ISNUMBER('Lucy Levene'!G10)*((('Lucy Levene'!G10+VisitHrs/24>DayEnd)+('Lucy Levene'!G10<DayStart))>0)+('Tom Bock'!B10=$C10)*ISNUMBER('Tom Bock'!C10)*((('Tom Bock'!C10+VisitHrs/24>DayEnd)+('Tom Bock'!C10<DayStart))>0)+('Tom Bock'!D10=$C10)*ISNUMBER('Tom Bock'!E10)*((('Tom Bock'!E10+VisitHrs/24>DayEnd)+('Tom Bock'!E10<DayStart))>0)+('Tom Bock'!F10=$C10)*ISNUMBER('Tom Bock'!G10)*((('Tom Bock'!G10+VisitHrs/24>DayEnd)+('Tom Bock'!G10<DayStart))>0)+(Jeremy!B10=$C10)*ISNUMBER(Jeremy!C10)*(((Jeremy!C10+VisitHrs/24>DayEnd)+(Jeremy!C10<DayStart))>0)+(Jeremy!D10=$C10)*ISNUMBER(Jeremy!E10)*(((Jeremy!E10+VisitHrs/24>DayEnd)+(Jeremy!E10<DayStart))>0)+(Jeremy!F10=$C10)*ISNUMBER(Jeremy!G10)*(((Jeremy!G10+VisitHrs/24>DayEnd)+(Jeremy!G10<DayStart))>0)+('Test Patient'!B10=$C10)*ISNUMBER('Test Patient'!C10)*((('Test Patient'!C10+VisitHrs/24>DayEnd)+('Test Patient'!C10<DayStart))>0)+('Test Patient'!D10=$C10)*ISNUMBER('Test Patient'!E10)*((('Test Patient'!E10+VisitHrs/24>DayEnd)+('Test Patient'!E10<DayStart))>0)+('Test Patient'!F10=$C10)*ISNUMBER('Test Patient'!G10)*((('Test Patient'!G10+VisitHrs/24>DayEnd)+('Test Patient'!G10<DayStart))>0))+((('Anita Klesch'!$C10=$C10)+('Test Patient 2'!$C10=$C10))-1)+($B10=$C10)*($C10<>"")>=1,1,0),0) -> 0 | M10: =IF($H10=1,$B10,"") -> Ruth | N10: =IF($H10=1,$C10,"") -> Maica
A11: =A10+1 -> 46217 | B11: Ruth | C11: Maica | H11: =IF($A11="",0,IF(AND(OR(NOT(ISNUMBER(AK_Start)),AK_Start=0,$A11>=AK_Start),OR(NOT(ISNUMBER(AK_End)),AK_End=0,$A11<=AK_End)),1,0)) -> 1 | J11: =IF(AND($H11=1,$B11<>""),IF((('Lucy Levene'!B11=$B11)*ISNUMBER('Lucy Levene'!C11)*('Lucy Levene'!C11<DayEnd)*('Lucy Levene'!C11+VisitHrs/24>DayStart)+('Lucy Levene'!D11=$B11)*ISNUMBER('Lucy Levene'!E11)*('Lucy Levene'!E11<DayEnd)*('Lucy Levene'!E11+VisitHrs/24>DayStart)+('Lucy Levene'!F11=$B11)*ISNUMBER('Lucy Levene'!G11)*('Lucy Levene'!G11<DayEnd)*('Lucy Levene'!G11+VisitHrs/24>DayStart)+('Tom Bock'!B11=$B11)*ISNUMBER('Tom Bock'!C11)*('Tom Bock'!C11<DayEnd)*('Tom Bock'!C11+VisitHrs/24>DayStart)+('Tom Bock'!D11=$B11)*ISNUMBER('Tom Bock'!E11)*('Tom Bock'!E11<DayEnd)*('Tom Bock'!E11+VisitHrs/24>DayStart)+('Tom Bock'!F11=$B11)*ISNUMBER('Tom Bock'!G11)*('Tom Bock'!G11<DayEnd)*('Tom Bock'!G11+VisitHrs/24>DayStart)+(Jeremy!B11=$B11)*ISNUMBER(Jeremy!C11)*(Jeremy!C11<DayEnd)*(Jeremy!C11+VisitHrs/24>DayStart)+(Jeremy!D11=$B11)*ISNUMBER(Jeremy!E11)*(Jeremy!E11<DayEnd)*(Jeremy!E11+VisitHrs/24>DayStart)+(Jeremy!F11=$B11)*ISNUMBER(Jeremy!G11)*(Jeremy!G11<DayEnd)*(Jeremy!G11+VisitHrs/24>DayStart)+('Test Patient'!B11=$B11)*ISNUMBER('Test Patient'!C11)*('Test Patient'!C11<DayEnd)*('Test Patient'!C11+VisitHrs/24>DayStart)+('Test Patient'!D11=$B11)*ISNUMBER('Test Patient'!E11)*('Test Patient'!E11<DayEnd)*('Test Patient'!E11+VisitHrs/24>DayStart)+('Test Patient'!F11=$B11)*ISNUMBER('Test Patient'!G11)*('Test Patient'!G11<DayEnd)*('Test Patient'!G11+VisitHrs/24>DayStart))+((('Anita Klesch'!$B11=$B11)+('Test Patient 2'!$B11=$B11))-1)+($C11=$B11)*($B11<>"")>=1,1,0),0) -> 0 | K11: =IF(AND($H11=1,$C11<>""),IF((('Lucy Levene'!B11=$C11)*ISNUMBER('Lucy Levene'!C11)*((('Lucy Levene'!C11+VisitHrs/24>DayEnd)+('Lucy Levene'!C11<DayStart))>0)+('Lucy Levene'!D11=$C11)*ISNUMBER('Lucy Levene'!E11)*((('Lucy Levene'!E11+VisitHrs/24>DayEnd)+('Lucy Levene'!E11<DayStart))>0)+('Lucy Levene'!F11=$C11)*ISNUMBER('Lucy Levene'!G11)*((('Lucy Levene'!G11+VisitHrs/24>DayEnd)+('Lucy Levene'!G11<DayStart))>0)+('Tom Bock'!B11=$C11)*ISNUMBER('Tom Bock'!C11)*((('Tom Bock'!C11+VisitHrs/24>DayEnd)+('Tom Bock'!C11<DayStart))>0)+('Tom Bock'!D11=$C11)*ISNUMBER('Tom Bock'!E11)*((('Tom Bock'!E11+VisitHrs/24>DayEnd)+('Tom Bock'!E11<DayStart))>0)+('Tom Bock'!F11=$C11)*ISNUMBER('Tom Bock'!G11)*((('Tom Bock'!G11+VisitHrs/24>DayEnd)+('Tom Bock'!G11<DayStart))>0)+(Jeremy!B11=$C11)*ISNUMBER(Jeremy!C11)*(((Jeremy!C11+VisitHrs/24>DayEnd)+(Jeremy!C11<DayStart))>0)+(Jeremy!D11=$C11)*ISNUMBER(Jeremy!E11)*(((Jeremy!E11+VisitHrs/24>DayEnd)+(Jeremy!E11<DayStart))>0)+(Jeremy!F11=$C11)*ISNUMBER(Jeremy!G11)*(((Jeremy!G11+VisitHrs/24>DayEnd)+(Jeremy!G11<DayStart))>0)+('Test Patient'!B11=$C11)*ISNUMBER('Test Patient'!C11)*((('Test Patient'!C11+VisitHrs/24>DayEnd)+('Test Patient'!C11<DayStart))>0)+('Test Patient'!D11=$C11)*ISNUMBER('Test Patient'!E11)*((('Test Patient'!E11+VisitHrs/24>DayEnd)+('Test Patient'!E11<DayStart))>0)+('Test Patient'!F11=$C11)*ISNUMBER('Test Patient'!G11)*((('Test Patient'!G11+VisitHrs/24>DayEnd)+('Test Patient'!G11<DayStart))>0))+((('Anita Klesch'!$C11=$C11)+('Test Patient 2'!$C11=$C11))-1)+($B11=$C11)*($C11<>"")>=1,1,0),0) -> 0 | M11: =IF($H11=1,$B11,"") -> Ruth | N11: =IF($H11=1,$C11,"") -> Maica
A12: =A11+1 -> 46218 | B12: Naresh | C12: Maica | H12: =IF($A12="",0,IF(AND(OR(NOT(ISNUMBER(AK_Start)),AK_Start=0,$A12>=AK_Start),OR(NOT(ISNUMBER(AK_End)),AK_End=0,$A12<=AK_End)),1,0)) -> 1 | J12: =IF(AND($H12=1,$B12<>""),IF((('Lucy Levene'!B12=$B12)*ISNUMBER('Lucy Levene'!C12)*('Lucy Levene'!C12<DayEnd)*('Lucy Levene'!C12+VisitHrs/24>DayStart)+('Lucy Levene'!D12=$B12)*ISNUMBER('Lucy Levene'!E12)*('Lucy Levene'!E12<DayEnd)*('Lucy Levene'!E12+VisitHrs/24>DayStart)+('Lucy Levene'!F12=$B12)*ISNUMBER('Lucy Levene'!G12)*('Lucy Levene'!G12<DayEnd)*('Lucy Levene'!G12+VisitHrs/24>DayStart)+('Tom Bock'!B12=$B12)*ISNUMBER('Tom Bock'!C12)*('Tom Bock'!C12<DayEnd)*('Tom Bock'!C12+VisitHrs/24>DayStart)+('Tom Bock'!D12=$B12)*ISNUMBER('Tom Bock'!E12)*('Tom Bock'!E12<DayEnd)*('Tom Bock'!E12+VisitHrs/24>DayStart)+('Tom Bock'!F12=$B12)*ISNUMBER('Tom Bock'!G12)*('Tom Bock'!G12<DayEnd)*('Tom Bock'!G12+VisitHrs/24>DayStart)+(Jeremy!B12=$B12)*ISNUMBER(Jeremy!C12)*(Jeremy!C12<DayEnd)*(Jeremy!C12+VisitHrs/24>DayStart)+(Jeremy!D12=$B12)*ISNUMBER(Jeremy!E12)*(Jeremy!E12<DayEnd)*(Jeremy!E12+VisitHrs/24>DayStart)+(Jeremy!F12=$B12)*ISNUMBER(Jeremy!G12)*(Jeremy!G12<DayEnd)*(Jeremy!G12+VisitHrs/24>DayStart)+('Test Patient'!B12=$B12)*ISNUMBER('Test Patient'!C12)*('Test Patient'!C12<DayEnd)*('Test Patient'!C12+VisitHrs/24>DayStart)+('Test Patient'!D12=$B12)*ISNUMBER('Test Patient'!E12)*('Test Patient'!E12<DayEnd)*('Test Patient'!E12+VisitHrs/24>DayStart)+('Test Patient'!F12=$B12)*ISNUMBER('Test Patient'!G12)*('Test Patient'!G12<DayEnd)*('Test Patient'!G12+VisitHrs/24>DayStart))+((('Anita Klesch'!$B12=$B12)+('Test Patient 2'!$B12=$B12))-1)+($C12=$B12)*($B12<>"")>=1,1,0),0) -> 0 | K12: =IF(AND($H12=1,$C12<>""),IF((('Lucy Levene'!B12=$C12)*ISNUMBER('Lucy Levene'!C12)*((('Lucy Levene'!C12+VisitHrs/24>DayEnd)+('Lucy Levene'!C12<DayStart))>0)+('Lucy Levene'!D12=$C12)*ISNUMBER('Lucy Levene'!E12)*((('Lucy Levene'!E12+VisitHrs/24>DayEnd)+('Lucy Levene'!E12<DayStart))>0)+('Lucy Levene'!F12=$C12)*ISNUMBER('Lucy Levene'!G12)*((('Lucy Levene'!G12+VisitHrs/24>DayEnd)+('Lucy Levene'!G12<DayStart))>0)+('Tom Bock'!B12=$C12)*ISNUMBER('Tom Bock'!C12)*((('Tom Bock'!C12+VisitHrs/24>DayEnd)+('Tom Bock'!C12<DayStart))>0)+('Tom Bock'!D12=$C12)*ISNUMBER('Tom Bock'!E12)*((('Tom Bock'!E12+VisitHrs/24>DayEnd)+('Tom Bock'!E12<DayStart))>0)+('Tom Bock'!F12=$C12)*ISNUMBER('Tom Bock'!G12)*((('Tom Bock'!G12+VisitHrs/24>DayEnd)+('Tom Bock'!G12<DayStart))>0)+(Jeremy!B12=$C12)*ISNUMBER(Jeremy!C12)*(((Jeremy!C12+VisitHrs/24>DayEnd)+(Jeremy!C12<DayStart))>0)+(Jeremy!D12=$C12)*ISNUMBER(Jeremy!E12)*(((Jeremy!E12+VisitHrs/24>DayEnd)+(Jeremy!E12<DayStart))>0)+(Jeremy!F12=$C12)*ISNUMBER(Jeremy!G12)*(((Jeremy!G12+VisitHrs/24>DayEnd)+(Jeremy!G12<DayStart))>0)+('Test Patient'!B12=$C12)*ISNUMBER('Test Patient'!C12)*((('Test Patient'!C12+VisitHrs/24>DayEnd)+('Test Patient'!C12<DayStart))>0)+('Test Patient'!D12=$C12)*ISNUMBER('Test Patient'!E12)*((('Test Patient'!E12+VisitHrs/24>DayEnd)+('Test Patient'!E12<DayStart))>0)+('Test Patient'!F12=$C12)*ISNUMBER('Test Patient'!G12)*((('Test Patient'!G12+VisitHrs/24>DayEnd)+('Test Patient'!G12<DayStart))>0))+((('Anita Klesch'!$C12=$C12)+('Test Patient 2'!$C12=$C12))-1)+($B12=$C12)*($C12<>"")>=1,1,0),0) -> 0 | M12: =IF($H12=1,$B12,"") -> Naresh | N12: =IF($H12=1,$C12,"") -> Maica
A13: =A12+1 -> 46219 | B13: Naresh | C13: Maica | H13: =IF($A13="",0,IF(AND(OR(NOT(ISNUMBER(AK_Start)),AK_Start=0,$A13>=AK_Start),OR(NOT(ISNUMBER(AK_End)),AK_End=0,$A13<=AK_End)),1,0)) -> 1 | J13: =IF(AND($H13=1,$B13<>""),IF((('Lucy Levene'!B13=$B13)*ISNUMBER('Lucy Levene'!C13)*('Lucy Levene'!C13<DayEnd)*('Lucy Levene'!C13+VisitHrs/24>DayStart)+('Lucy Levene'!D13=$B13)*ISNUMBER('Lucy Levene'!E13)*('Lucy Levene'!E13<DayEnd)*('Lucy Levene'!E13+VisitHrs/24>DayStart)+('Lucy Levene'!F13=$B13)*ISNUMBER('Lucy Levene'!G13)*('Lucy Levene'!G13<DayEnd)*('Lucy Levene'!G13+VisitHrs/24>DayStart)+('Tom Bock'!B13=$B13)*ISNUMBER('Tom Bock'!C13)*('Tom Bock'!C13<DayEnd)*('Tom Bock'!C13+VisitHrs/24>DayStart)+('Tom Bock'!D13=$B13)*ISNUMBER('Tom Bock'!E13)*('Tom Bock'!E13<DayEnd)*('Tom Bock'!E13+VisitHrs/24>DayStart)+('Tom Bock'!F13=$B13)*ISNUMBER('Tom Bock'!G13)*('Tom Bock'!G13<DayEnd)*('Tom Bock'!G13+VisitHrs/24>DayStart)+(Jeremy!B13=$B13)*ISNUMBER(Jeremy!C13)*(Jeremy!C13<DayEnd)*(Jeremy!C13+VisitHrs/24>DayStart)+(Jeremy!D13=$B13)*ISNUMBER(Jeremy!E13)*(Jeremy!E13<DayEnd)*(Jeremy!E13+VisitHrs/24>DayStart)+(Jeremy!F13=$B13)*ISNUMBER(Jeremy!G13)*(Jeremy!G13<DayEnd)*(Jeremy!G13+VisitHrs/24>DayStart)+('Test Patient'!B13=$B13)*ISNUMBER('Test Patient'!C13)*('Test Patient'!C13<DayEnd)*('Test Patient'!C13+VisitHrs/24>DayStart)+('Test Patient'!D13=$B13)*ISNUMBER('Test Patient'!E13)*('Test Patient'!E13<DayEnd)*('Test Patient'!E13+VisitHrs/24>DayStart)+('Test Patient'!F13=$B13)*ISNUMBER('Test Patient'!G13)*('Test Patient'!G13<DayEnd)*('Test Patient'!G13+VisitHrs/24>DayStart))+((('Anita Klesch'!$B13=$B13)+('Test Patient 2'!$B13=$B13))-1)+($C13=$B13)*($B13<>"")>=1,1,0),0) -> 0 | K13: =IF(AND($H13=1,$C13<>""),IF((('Lucy Levene'!B13=$C13)*ISNUMBER('Lucy Levene'!C13)*((('Lucy Levene'!C13+VisitHrs/24>DayEnd)+('Lucy Levene'!C13<DayStart))>0)+('Lucy Levene'!D13=$C13)*ISNUMBER('Lucy Levene'!E13)*((('Lucy Levene'!E13+VisitHrs/24>DayEnd)+('Lucy Levene'!E13<DayStart))>0)+('Lucy Levene'!F13=$C13)*ISNUMBER('Lucy Levene'!G13)*((('Lucy Levene'!G13+VisitHrs/24>DayEnd)+('Lucy Levene'!G13<DayStart))>0)+('Tom Bock'!B13=$C13)*ISNUMBER('Tom Bock'!C13)*((('Tom Bock'!C13+VisitHrs/24>DayEnd)+('Tom Bock'!C13<DayStart))>0)+('Tom Bock'!D13=$C13)*ISNUMBER('Tom Bock'!E13)*((('Tom Bock'!E13+VisitHrs/24>DayEnd)+('Tom Bock'!E13<DayStart))>0)+('Tom Bock'!F13=$C13)*ISNUMBER('Tom Bock'!G13)*((('Tom Bock'!G13+VisitHrs/24>DayEnd)+('Tom Bock'!G13<DayStart))>0)+(Jeremy!B13=$C13)*ISNUMBER(Jeremy!C13)*(((Jeremy!C13+VisitHrs/24>DayEnd)+(Jeremy!C13<DayStart))>0)+(Jeremy!D13=$C13)*ISNUMBER(Jeremy!E13)*(((Jeremy!E13+VisitHrs/24>DayEnd)+(Jeremy!E13<DayStart))>0)+(Jeremy!F13=$C13)*ISNUMBER(Jeremy!G13)*(((Jeremy!G13+VisitHrs/24>DayEnd)+(Jeremy!G13<DayStart))>0)+('Test Patient'!B13=$C13)*ISNUMBER('Test Patient'!C13)*((('Test Patient'!C13+VisitHrs/24>DayEnd)+('Test Patient'!C13<DayStart))>0)+('Test Patient'!D13=$C13)*ISNUMBER('Test Patient'!E13)*((('Test Patient'!E13+VisitHrs/24>DayEnd)+('Test Patient'!E13<DayStart))>0)+('Test Patient'!F13=$C13)*ISNUMBER('Test Patient'!G13)*((('Test Patient'!G13+VisitHrs/24>DayEnd)+('Test Patient'!G13<DayStart))>0))+((('Anita Klesch'!$C13=$C13)+('Test Patient 2'!$C13=$C13))-1)+($B13=$C13)*($C13<>"")>=1,1,0),0) -> 0 | M13: =IF($H13=1,$B13,"") -> Naresh | N13: =IF($H13=1,$C13,"") -> Maica
